source_system,schema,relation,kind,database_owner_fingerprint_sha256,owner_service,data_class,source_file,baseline_status,authority_disposition,mutability_disposition,access_status,schema_usage_granted,select_granted,stable_key_status,primary_key_columns,unique_key_columns,keyset_status,ordering_disposition,scope_dimensions,time_column_count,foreign_key_count,total_bytes,estimated_rows,estimated_rows_source,stats_live_rows,stats_dead_rows,last_analyze_utc,last_autoanalyze_utc,persistence,is_partition,has_subclass,freshness_disposition,retention_disposition,change_semantics_disposition,publication_disposition,portal_usefulness,empty_semantics,sensitivity_summary
trading_system_postgresql,portal_command,operations,TABLE,69ff8042237aeef5ddf1ced10e851bc6104e1ebb15a304061dba43ea10106fa9,portal_execution_owner,DURABLE_COMMAND,DEPLOYED_RUNTIME_EVIDENCE:46-portal-command-paper-r1.sql,DEPLOYED_RUNTIME_OVERLAY_MATCHED,AUTHORITY_E2_REQUIRED,LEDGER_OR_OUTBOX_MUTABILITY_E2_REQUIRED,METADATA_READABLE_WITH_SELECT,true,true,PRIMARY_KEY_DECLARED,operation_id,idempotency_scope|idempotency_key,PRIMARY_KEY_KEYSET_CANDIDATE,TIMESTAMP_PLUS_STABLE_KEY_CANDIDATE_E2_REQUIRED,,4,0,114688,4,PG_CLASS_RELTUPLES_ESTIMATE,4,0,,,permanent,false,false,NOT_QUERIED_E1_NO_BUSINESS_ROW_ACCESS,NOT_QUERIED_E1_NO_BUSINESS_ROW_ACCESS,E2_REQUIRED_NO_DML_OR_ROW_HISTORY_PROBE,EXISTING_PUBLICATION_RECHECK_REQUIRED,CANDIDATE_FOR_TYPED_PORTAL_CONTRACT,NOT_QUERIED_E1_NO_BUSINESS_ROW_ACCESS,MAY_CONTAIN_SENSITIVE_STRUCTURED_DATA|NON_SECRET_METADATA
trading_system_postgresql,portal_command,paper_target_allowlist,TABLE,69ff8042237aeef5ddf1ced10e851bc6104e1ebb15a304061dba43ea10106fa9,portal_execution_owner,DURABLE_COMMAND,DEPLOYED_RUNTIME_EVIDENCE:46-portal-command-paper-r1.sql,DEPLOYED_RUNTIME_OVERLAY_MATCHED,AUTHORITY_E2_REQUIRED,LEDGER_OR_OUTBOX_MUTABILITY_E2_REQUIRED,METADATA_READABLE_WITH_SELECT,true,true,PRIMARY_KEY_DECLARED,target_type|target_id,,PRIMARY_KEY_KEYSET_CANDIDATE,TIMESTAMP_PLUS_STABLE_KEY_CANDIDATE_E2_REQUIRED,profile,1,0,65536,1,PG_CLASS_RELTUPLES_ESTIMATE,1,0,,,permanent,false,false,NOT_QUERIED_E1_NO_BUSINESS_ROW_ACCESS,NOT_QUERIED_E1_NO_BUSINESS_ROW_ACCESS,E2_REQUIRED_NO_DML_OR_ROW_HISTORY_PROBE,EXISTING_PUBLICATION_RECHECK_REQUIRED,CANDIDATE_FOR_TYPED_PORTAL_CONTRACT,NOT_QUERIED_E1_NO_BUSINESS_ROW_ACCESS,NON_SECRET_METADATA
trading_system_postgresql,public,account_balances,TABLE,69ff8042237aeef5ddf1ced10e851bc6104e1ebb15a304061dba43ea10106fa9,domain_core,CANONICAL_TRADING,05-trading-core-v2.sql,BASELINE_MATCHED,EXECUTION_CANDIDATE_E2_REQUIRED,MUTABILITY_E2_REQUIRED,METADATA_READABLE_WITH_SELECT,true,true,PRIMARY_KEY_DECLARED,account_id|currency,,PRIMARY_KEY_KEYSET_CANDIDATE,TIMESTAMP_PLUS_STABLE_KEY_CANDIDATE_E2_REQUIRED,account,1,1,65536,85,PG_CLASS_RELTUPLES_ESTIMATE,85,0,,,permanent,false,false,NOT_QUERIED_E1_NO_BUSINESS_ROW_ACCESS,NOT_QUERIED_E1_NO_BUSINESS_ROW_ACCESS,E2_REQUIRED_NO_DML_OR_ROW_HISTORY_PROBE,EXISTING_PUBLICATION_RECHECK_REQUIRED,CANDIDATE_FOR_TYPED_PORTAL_CONTRACT,NOT_QUERIED_E1_NO_BUSINESS_ROW_ACCESS,NON_SECRET_METADATA
trading_system_postgresql,public,account_equity_snapshots,TABLE,69ff8042237aeef5ddf1ced10e851bc6104e1ebb15a304061dba43ea10106fa9,performance,DERIVED_HISTORY,10-performance.sql,BASELINE_MATCHED,ACCOUNTING_OR_PERFORMANCE_CANDIDATE_E2_REQUIRED,HISTORY_OR_SNAPSHOT_MUTABILITY_E2_REQUIRED,METADATA_READABLE_WITH_SELECT,true,true,PRIMARY_KEY_DECLARED,id|ts,,PRIMARY_KEY_KEYSET_CANDIDATE,TIMESTAMP_PLUS_STABLE_KEY_CANDIDATE_E2_REQUIRED,account|deployment|mode|strategy|venue,2,4,65536,0,PG_CLASS_RELTUPLES_ESTIMATE,0,0,,,permanent,false,true,NOT_QUERIED_E1_NO_BUSINESS_ROW_ACCESS,NOT_QUERIED_E1_NO_BUSINESS_ROW_ACCESS,E2_REQUIRED_NO_DML_OR_ROW_HISTORY_PROBE,EXISTING_PUBLICATION_RECHECK_REQUIRED,CANDIDATE_FOR_TYPED_PORTAL_CONTRACT,NOT_QUERIED_E1_NO_BUSINESS_ROW_ACCESS,NON_SECRET_METADATA
trading_system_postgresql,public,account_policies,TABLE,69ff8042237aeef5ddf1ced10e851bc6104e1ebb15a304061dba43ea10106fa9,portfolio_management,CANONICAL_ACCOUNTING,11-portfolio-management.sql,BASELINE_MATCHED,ACCOUNTING_OR_PERFORMANCE_CANDIDATE_E2_REQUIRED,MUTABILITY_E2_REQUIRED,METADATA_READABLE_WITH_SELECT,true,true,PRIMARY_KEY_DECLARED,account_policy_id,,PRIMARY_KEY_KEYSET_CANDIDATE,TIMESTAMP_PLUS_STABLE_KEY_CANDIDATE_E2_REQUIRED,account|mode|venue,3,2,122880,85,PG_CLASS_RELTUPLES_ESTIMATE,85,0,,,permanent,false,false,NOT_QUERIED_E1_NO_BUSINESS_ROW_ACCESS,NOT_QUERIED_E1_NO_BUSINESS_ROW_ACCESS,E2_REQUIRED_NO_DML_OR_ROW_HISTORY_PROBE,EXISTING_PUBLICATION_RECHECK_REQUIRED,CANDIDATE_FOR_TYPED_PORTAL_CONTRACT,NOT_QUERIED_E1_NO_BUSINESS_ROW_ACCESS,MAY_CONTAIN_SENSITIVE_STRUCTURED_DATA|NON_SECRET_METADATA
trading_system_postgresql,public,account_reservations,TABLE,69ff8042237aeef5ddf1ced10e851bc6104e1ebb15a304061dba43ea10106fa9,portfolio_management,CANONICAL_ACCOUNTING,11-portfolio-management.sql,BASELINE_MATCHED,ACCOUNTING_OR_PERFORMANCE_CANDIDATE_E2_REQUIRED,MUTABILITY_E2_REQUIRED,METADATA_READABLE_WITH_SELECT,true,true,PRIMARY_KEY_DECLARED,reservation_id,,PRIMARY_KEY_KEYSET_CANDIDATE,TIMESTAMP_PLUS_STABLE_KEY_CANDIDATE_E2_REQUIRED,account|instrument|mode|strategy|venue,2,3,32768,0,PG_CLASS_RELTUPLES_ESTIMATE,0,0,,,permanent,false,false,NOT_QUERIED_E1_NO_BUSINESS_ROW_ACCESS,NOT_QUERIED_E1_NO_BUSINESS_ROW_ACCESS,E2_REQUIRED_NO_DML_OR_ROW_HISTORY_PROBE,EXISTING_PUBLICATION_RECHECK_REQUIRED,CANDIDATE_FOR_TYPED_PORTAL_CONTRACT,NOT_QUERIED_E1_NO_BUSINESS_ROW_ACCESS,MAY_CONTAIN_SENSITIVE_STRUCTURED_DATA|NON_SECRET_METADATA
trading_system_postgresql,public,account_sync_current_state,TABLE,69ff8042237aeef5ddf1ced10e851bc6104e1ebb15a304061dba43ea10106fa9,domain_projection,CANONICAL_PROJECTION,35-canonical-domain-projections.sql,BASELINE_MATCHED,AUTHORITY_E2_REQUIRED,MUTABLE_CURRENT_PROJECTION_CANDIDATE_E2_REQUIRED,METADATA_READABLE_WITH_SELECT,true,true,PRIMARY_KEY_DECLARED,account_id,,PRIMARY_KEY_KEYSET_CANDIDATE,TIMESTAMP_PLUS_STABLE_KEY_CANDIDATE_E2_REQUIRED,account|mode|venue,3,2,32768,0,PG_CLASS_RELTUPLES_ESTIMATE,0,0,,,permanent,false,false,NOT_QUERIED_E1_NO_BUSINESS_ROW_ACCESS,NOT_QUERIED_E1_NO_BUSINESS_ROW_ACCESS,E2_REQUIRED_NO_DML_OR_ROW_HISTORY_PROBE,EXISTING_PUBLICATION_RECHECK_REQUIRED,CANDIDATE_FOR_TYPED_PORTAL_CONTRACT,NOT_QUERIED_E1_NO_BUSINESS_ROW_ACCESS,NON_SECRET_METADATA
trading_system_postgresql,public,account_sync_effective,VIEW,69ff8042237aeef5ddf1ced10e851bc6104e1ebb15a304061dba43ea10106fa9,domain_projection,CANONICAL_PROJECTION,35-canonical-domain-projections.sql,BASELINE_MATCHED,DERIVED_READ_MODEL_CANDIDATE_E2_REQUIRED,DERIVED_VIEW_OR_SNAPSHOT_E2_REQUIRED,METADATA_READABLE_WITH_SELECT,true,true,NO_DECLARED_STABLE_KEY_E2_REQUIRED,,,NO_SAFE_KEYSET_CANDIDATE_E2_REQUIRED,ORDERING_E2_REQUIRED,account|mode|venue,2,0,0,-1,PG_CLASS_RELTUPLES_ESTIMATE,0,0,,,permanent,false,false,NOT_QUERIED_E1_NO_BUSINESS_ROW_ACCESS,NOT_QUERIED_E1_NO_BUSINESS_ROW_ACCESS,E2_REQUIRED_NO_DML_OR_ROW_HISTORY_PROBE,EXISTING_PUBLICATION_RECHECK_REQUIRED,CANDIDATE_FOR_TYPED_PORTAL_CONTRACT,NOT_QUERIED_E1_NO_BUSINESS_ROW_ACCESS,NON_SECRET_METADATA
trading_system_postgresql,public,account_sync_snapshots,TABLE,69ff8042237aeef5ddf1ced10e851bc6104e1ebb15a304061dba43ea10106fa9,portfolio_management,CANONICAL_ACCOUNTING,11-portfolio-management.sql,BASELINE_MATCHED,ACCOUNTING_OR_PERFORMANCE_CANDIDATE_E2_REQUIRED,MUTABILITY_E2_REQUIRED,METADATA_READABLE_WITH_SELECT,true,true,PRIMARY_KEY_DECLARED,sync_id,,PRIMARY_KEY_KEYSET_CANDIDATE,TIMESTAMP_PLUS_STABLE_KEY_CANDIDATE_E2_REQUIRED,account|mode|venue,3,2,32768,0,PG_CLASS_RELTUPLES_ESTIMATE,0,0,,,permanent,false,false,NOT_QUERIED_E1_NO_BUSINESS_ROW_ACCESS,NOT_QUERIED_E1_NO_BUSINESS_ROW_ACCESS,E2_REQUIRED_NO_DML_OR_ROW_HISTORY_PROBE,EXISTING_PUBLICATION_RECHECK_REQUIRED,CANDIDATE_FOR_TYPED_PORTAL_CONTRACT,NOT_QUERIED_E1_NO_BUSINESS_ROW_ACCESS,NON_SECRET_METADATA
trading_system_postgresql,public,accounts,TABLE,69ff8042237aeef5ddf1ced10e851bc6104e1ebb15a304061dba43ea10106fa9,domain_core,CANONICAL_TRADING,05-trading-core-v2.sql,BASELINE_MATCHED,EXECUTION_CANDIDATE_E2_REQUIRED,MUTABILITY_E2_REQUIRED,METADATA_READABLE_WITH_SELECT,true,true,PRIMARY_KEY_DECLARED,account_id,,PRIMARY_KEY_KEYSET_CANDIDATE,TIMESTAMP_PLUS_STABLE_KEY_CANDIDATE_E2_REQUIRED,account|mode|strategy|venue,2,3,114688,86,PG_CLASS_RELTUPLES_ESTIMATE,86,0,,,permanent,false,false,NOT_QUERIED_E1_NO_BUSINESS_ROW_ACCESS,NOT_QUERIED_E1_NO_BUSINESS_ROW_ACCESS,E2_REQUIRED_NO_DML_OR_ROW_HISTORY_PROBE,EXISTING_PUBLICATION_RECHECK_REQUIRED,CANDIDATE_FOR_TYPED_PORTAL_CONTRACT,NOT_QUERIED_E1_NO_BUSINESS_ROW_ACCESS,NON_SECRET_METADATA
trading_system_postgresql,public,alpha_ledger,TABLE,69ff8042237aeef5ddf1ced10e851bc6104e1ebb15a304061dba43ea10106fa9,legacy_compatibility,LEGACY_PROJECTION,02-init-schema.sql,BASELINE_MATCHED,AUTHORITY_E2_REQUIRED,MUTABLE_CURRENT_PROJECTION_CANDIDATE_E2_REQUIRED,METADATA_READABLE_WITH_SELECT,true,true,PRIMARY_KEY_DECLARED,alpha_id,,PRIMARY_KEY_KEYSET_CANDIDATE,TIMESTAMP_PLUS_STABLE_KEY_CANDIDATE_E2_REQUIRED,strategy,1,1,65536,47,PG_CLASS_RELTUPLES_ESTIMATE,47,0,,,permanent,false,false,NOT_QUERIED_E1_NO_BUSINESS_ROW_ACCESS,NOT_QUERIED_E1_NO_BUSINESS_ROW_ACCESS,E2_REQUIRED_NO_DML_OR_ROW_HISTORY_PROBE,EXISTING_PUBLICATION_RECHECK_REQUIRED,CANDIDATE_FOR_TYPED_PORTAL_CONTRACT,NOT_QUERIED_E1_NO_BUSINESS_ROW_ACCESS,NON_SECRET_METADATA
trading_system_postgresql,public,alpha_positions,TABLE,69ff8042237aeef5ddf1ced10e851bc6104e1ebb15a304061dba43ea10106fa9,legacy_compatibility,LEGACY_PROJECTION,02-init-schema.sql,BASELINE_MATCHED,AUTHORITY_E2_REQUIRED,MUTABLE_CURRENT_PROJECTION_CANDIDATE_E2_REQUIRED,METADATA_READABLE_WITH_SELECT,true,true,PRIMARY_KEY_DECLARED,alpha_id|symbol,,PRIMARY_KEY_KEYSET_CANDIDATE,TIMESTAMP_PLUS_STABLE_KEY_CANDIDATE_E2_REQUIRED,account|instrument|mode|strategy|venue,1,1,24576,0,PG_CLASS_RELTUPLES_ESTIMATE,0,0,,,permanent,false,false,NOT_QUERIED_E1_NO_BUSINESS_ROW_ACCESS,NOT_QUERIED_E1_NO_BUSINESS_ROW_ACCESS,E2_REQUIRED_NO_DML_OR_ROW_HISTORY_PROBE,EXISTING_PUBLICATION_RECHECK_REQUIRED,CANDIDATE_FOR_TYPED_PORTAL_CONTRACT,NOT_QUERIED_E1_NO_BUSINESS_ROW_ACCESS,NON_SECRET_METADATA
trading_system_postgresql,public,alpha_risk_config,TABLE,69ff8042237aeef5ddf1ced10e851bc6104e1ebb15a304061dba43ea10106fa9,legacy_compatibility,LEGACY_PROJECTION,02-init-schema.sql,BASELINE_MATCHED,AUTHORITY_E2_REQUIRED,MUTABLE_CURRENT_PROJECTION_CANDIDATE_E2_REQUIRED,METADATA_READABLE_WITH_SELECT,true,true,PRIMARY_KEY_DECLARED,alpha_id,,PRIMARY_KEY_KEYSET_CANDIDATE,TIMESTAMP_PLUS_STABLE_KEY_CANDIDATE_E2_REQUIRED,strategy,1,1,98304,47,PG_CLASS_RELTUPLES_ESTIMATE,47,0,,,permanent,false,false,NOT_QUERIED_E1_NO_BUSINESS_ROW_ACCESS,NOT_QUERIED_E1_NO_BUSINESS_ROW_ACCESS,E2_REQUIRED_NO_DML_OR_ROW_HISTORY_PROBE,EXISTING_PUBLICATION_RECHECK_REQUIRED,CANDIDATE_FOR_TYPED_PORTAL_CONTRACT,NOT_QUERIED_E1_NO_BUSINESS_ROW_ACCESS,NON_SECRET_METADATA
trading_system_postgresql,public,alphas,TABLE,69ff8042237aeef5ddf1ced10e851bc6104e1ebb15a304061dba43ea10106fa9,legacy_compatibility,LEGACY_PROJECTION,02-init-schema.sql,BASELINE_MATCHED,AUTHORITY_E2_REQUIRED,MUTABLE_CURRENT_PROJECTION_CANDIDATE_E2_REQUIRED,METADATA_READABLE_WITH_SELECT,true,true,PRIMARY_KEY_DECLARED,alpha_id,,PRIMARY_KEY_KEYSET_CANDIDATE,TIMESTAMP_PLUS_STABLE_KEY_CANDIDATE_E2_REQUIRED,strategy,1,0,65536,47,PG_CLASS_RELTUPLES_ESTIMATE,47,0,,,permanent,false,false,NOT_QUERIED_E1_NO_BUSINESS_ROW_ACCESS,NOT_QUERIED_E1_NO_BUSINESS_ROW_ACCESS,E2_REQUIRED_NO_DML_OR_ROW_HISTORY_PROBE,EXISTING_PUBLICATION_RECHECK_REQUIRED,CANDIDATE_FOR_TYPED_PORTAL_CONTRACT,NOT_QUERIED_E1_NO_BUSINESS_ROW_ACCESS,NON_SECRET_METADATA
trading_system_postgresql,public,arb_order_packages,TABLE,69ff8042237aeef5ddf1ced10e851bc6104e1ebb15a304061dba43ea10106fa9,gateway,ORDER_LIFECYCLE,30-arb-order-packages.sql,BASELINE_MATCHED,EXECUTION_CANDIDATE_E2_REQUIRED,MUTABILITY_E2_REQUIRED,METADATA_READABLE_WITH_SELECT,true,true,PRIMARY_KEY_DECLARED,package_id,,PRIMARY_KEY_KEYSET_CANDIDATE,TIMESTAMP_PLUS_STABLE_KEY_CANDIDATE_E2_REQUIRED,account|mode|session|strategy|venue,3,5,40960,0,PG_CLASS_RELTUPLES_ESTIMATE,0,0,,,permanent,false,false,NOT_QUERIED_E1_NO_BUSINESS_ROW_ACCESS,NOT_QUERIED_E1_NO_BUSINESS_ROW_ACCESS,E2_REQUIRED_NO_DML_OR_ROW_HISTORY_PROBE,EXISTING_PUBLICATION_RECHECK_REQUIRED,CANDIDATE_FOR_TYPED_PORTAL_CONTRACT,NOT_QUERIED_E1_NO_BUSINESS_ROW_ACCESS,MAY_CONTAIN_SENSITIVE_STRUCTURED_DATA|NON_SECRET_METADATA
trading_system_postgresql,public,audit_log,TABLE,69ff8042237aeef5ddf1ced10e851bc6104e1ebb15a304061dba43ea10106fa9,monitor,OPERATIONAL_AUDIT,09-observability-security.sql,BASELINE_MATCHED,AUDIT_OR_OPERATIONAL_CANDIDATE_E2_REQUIRED,MUTABLE_OPERATIONAL_CANDIDATE_E2_REQUIRED,METADATA_READABLE_WITH_SELECT,true,true,PRIMARY_KEY_DECLARED,audit_id,,PRIMARY_KEY_KEYSET_CANDIDATE,TIMESTAMP_PLUS_STABLE_KEY_CANDIDATE_E2_REQUIRED,account|mode|strategy|venue,1,0,98304,2,PG_CLASS_RELTUPLES_ESTIMATE,2,0,,,permanent,false,false,NOT_QUERIED_E1_NO_BUSINESS_ROW_ACCESS,NOT_QUERIED_E1_NO_BUSINESS_ROW_ACCESS,E2_REQUIRED_NO_DML_OR_ROW_HISTORY_PROBE,EXISTING_PUBLICATION_RECHECK_REQUIRED,CANDIDATE_FOR_TYPED_PORTAL_CONTRACT,NOT_QUERIED_E1_NO_BUSINESS_ROW_ACCESS,MAY_CONTAIN_SENSITIVE_STRUCTURED_DATA|NON_SECRET_METADATA
trading_system_postgresql,public,binance_fills,TABLE,69ff8042237aeef5ddf1ced10e851bc6104e1ebb15a304061dba43ea10106fa9,legacy_compatibility,LEGACY_PROJECTION,02-init-schema.sql,BASELINE_MATCHED,AUTHORITY_E2_REQUIRED,MUTABLE_CURRENT_PROJECTION_CANDIDATE_E2_REQUIRED,METADATA_READABLE_WITH_SELECT,true,true,PRIMARY_KEY_DECLARED,id|trade_time,,PRIMARY_KEY_KEYSET_CANDIDATE,TIMESTAMP_PLUS_STABLE_KEY_CANDIDATE_E2_REQUIRED,account|instrument|mode|strategy|venue,1,1,49152,0,PG_CLASS_RELTUPLES_ESTIMATE,0,0,,,permanent,false,false,NOT_QUERIED_E1_NO_BUSINESS_ROW_ACCESS,NOT_QUERIED_E1_NO_BUSINESS_ROW_ACCESS,E2_REQUIRED_NO_DML_OR_ROW_HISTORY_PROBE,EXISTING_PUBLICATION_RECHECK_REQUIRED,CANDIDATE_FOR_TYPED_PORTAL_CONTRACT,NOT_QUERIED_E1_NO_BUSINESS_ROW_ACCESS,NON_SECRET_METADATA
trading_system_postgresql,public,broker_account_sync_current_state,TABLE,69ff8042237aeef5ddf1ced10e851bc6104e1ebb15a304061dba43ea10106fa9,domain_projection,CANONICAL_PROJECTION,35-canonical-domain-projections.sql,BASELINE_MATCHED,AUTHORITY_E2_REQUIRED,MUTABLE_CURRENT_PROJECTION_CANDIDATE_E2_REQUIRED,METADATA_READABLE_WITH_SELECT,true,true,PRIMARY_KEY_DECLARED,venue|mode|external_account_ref,,PRIMARY_KEY_KEYSET_CANDIDATE,TIMESTAMP_PLUS_STABLE_KEY_CANDIDATE_E2_REQUIRED,mode|venue,3,1,360448,1,PG_CLASS_RELTUPLES_ESTIMATE,1,28,,2026-09-04T10:07:25.106Z,permanent,false,false,NOT_QUERIED_E1_NO_BUSINESS_ROW_ACCESS,NOT_QUERIED_E1_NO_BUSINESS_ROW_ACCESS,E2_REQUIRED_NO_DML_OR_ROW_HISTORY_PROBE,EXISTING_PUBLICATION_RECHECK_REQUIRED,CANDIDATE_FOR_TYPED_PORTAL_CONTRACT,NOT_QUERIED_E1_NO_BUSINESS_ROW_ACCESS,NON_SECRET_METADATA
trading_system_postgresql,public,broker_account_sync_effective,VIEW,69ff8042237aeef5ddf1ced10e851bc6104e1ebb15a304061dba43ea10106fa9,domain_projection,CANONICAL_PROJECTION,35-canonical-domain-projections.sql,BASELINE_MATCHED,DERIVED_READ_MODEL_CANDIDATE_E2_REQUIRED,DERIVED_VIEW_OR_SNAPSHOT_E2_REQUIRED,METADATA_READABLE_WITH_SELECT,true,true,NO_DECLARED_STABLE_KEY_E2_REQUIRED,,,NO_SAFE_KEYSET_CANDIDATE_E2_REQUIRED,ORDERING_E2_REQUIRED,mode|venue,2,0,0,-1,PG_CLASS_RELTUPLES_ESTIMATE,0,0,,,permanent,false,false,NOT_QUERIED_E1_NO_BUSINESS_ROW_ACCESS,NOT_QUERIED_E1_NO_BUSINESS_ROW_ACCESS,E2_REQUIRED_NO_DML_OR_ROW_HISTORY_PROBE,EXISTING_PUBLICATION_RECHECK_REQUIRED,CANDIDATE_FOR_TYPED_PORTAL_CONTRACT,NOT_QUERIED_E1_NO_BUSINESS_ROW_ACCESS,NON_SECRET_METADATA
trading_system_postgresql,public,broker_account_sync_snapshots,TABLE,69ff8042237aeef5ddf1ced10e851bc6104e1ebb15a304061dba43ea10106fa9,portfolio_management,BROKER_SYNC,24-physical-broker-sync.sql,BASELINE_MATCHED,ACCOUNTING_OR_PERFORMANCE_CANDIDATE_E2_REQUIRED,MUTABILITY_E2_REQUIRED,METADATA_READABLE_WITH_SELECT,true,true,PRIMARY_KEY_DECLARED,sync_id,,PRIMARY_KEY_KEYSET_CANDIDATE,TIMESTAMP_PLUS_STABLE_KEY_CANDIDATE_E2_REQUIRED,mode|venue,3,1,40960,0,PG_CLASS_RELTUPLES_ESTIMATE,0,0,,,permanent,false,false,NOT_QUERIED_E1_NO_BUSINESS_ROW_ACCESS,NOT_QUERIED_E1_NO_BUSINESS_ROW_ACCESS,E2_REQUIRED_NO_DML_OR_ROW_HISTORY_PROBE,EXISTING_PUBLICATION_RECHECK_REQUIRED,CANDIDATE_FOR_TYPED_PORTAL_CONTRACT,NOT_QUERIED_E1_NO_BUSINESS_ROW_ACCESS,NON_SECRET_METADATA
trading_system_postgresql,public,broker_sync_raw_hot,TABLE,69ff8042237aeef5ddf1ced10e851bc6104e1ebb15a304061dba43ea10106fa9,portfolio_management,BROKER_SYNC,41-change-only-sync-storage.sql,BASELINE_MATCHED,ACCOUNTING_OR_PERFORMANCE_CANDIDATE_E2_REQUIRED,MUTABILITY_E2_REQUIRED,METADATA_READABLE_WITH_SELECT,true,true,PRIMARY_KEY_DECLARED,sync_id|observed_at,,PRIMARY_KEY_KEYSET_CANDIDATE,TIMESTAMP_PLUS_STABLE_KEY_CANDIDATE_E2_REQUIRED,mode|venue,1,0,49152,0,PG_CLASS_RELTUPLES_ESTIMATE,0,0,,,permanent,false,true,NOT_QUERIED_E1_NO_BUSINESS_ROW_ACCESS,NOT_QUERIED_E1_NO_BUSINESS_ROW_ACCESS,E2_REQUIRED_NO_DML_OR_ROW_HISTORY_PROBE,EXISTING_PUBLICATION_RECHECK_REQUIRED,CANDIDATE_FOR_TYPED_PORTAL_CONTRACT,NOT_QUERIED_E1_NO_BUSINESS_ROW_ACCESS,NON_SECRET_METADATA
trading_system_postgresql,public,broker_sync_state_history,TABLE,69ff8042237aeef5ddf1ced10e851bc6104e1ebb15a304061dba43ea10106fa9,domain_projection,CANONICAL_PROJECTION,35-canonical-domain-projections.sql,BASELINE_MATCHED,AUTHORITY_E2_REQUIRED,MUTABLE_CURRENT_PROJECTION_CANDIDATE_E2_REQUIRED,METADATA_READABLE_WITH_SELECT,true,true,PRIMARY_KEY_DECLARED,history_id,,PRIMARY_KEY_KEYSET_CANDIDATE,TIMESTAMP_PLUS_STABLE_KEY_CANDIDATE_E2_REQUIRED,mode|venue,1,0,12173312,9548,PG_CLASS_RELTUPLES_ESTIMATE,9722,0,,,permanent,false,false,NOT_QUERIED_E1_NO_BUSINESS_ROW_ACCESS,NOT_QUERIED_E1_NO_BUSINESS_ROW_ACCESS,E2_REQUIRED_NO_DML_OR_ROW_HISTORY_PROBE,EXISTING_PUBLICATION_RECHECK_REQUIRED,CANDIDATE_FOR_TYPED_PORTAL_CONTRACT,NOT_QUERIED_E1_NO_BUSINESS_ROW_ACCESS,MAY_CONTAIN_SENSITIVE_STRUCTURED_DATA|NON_SECRET_METADATA
trading_system_postgresql,public,broker_sync_valuation_current_state,TABLE,69ff8042237aeef5ddf1ced10e851bc6104e1ebb15a304061dba43ea10106fa9,portfolio_management,BROKER_SYNC,41-change-only-sync-storage.sql,BASELINE_MATCHED,ACCOUNTING_OR_PERFORMANCE_CANDIDATE_E2_REQUIRED,MUTABILITY_E2_REQUIRED,METADATA_READABLE_WITH_SELECT,true,true,PRIMARY_KEY_DECLARED,scope_type|scope_key|mode|venue,,PRIMARY_KEY_KEYSET_CANDIDATE,TIMESTAMP_PLUS_STABLE_KEY_CANDIDATE_E2_REQUIRED,mode|venue,2,1,139264,1,PG_CLASS_RELTUPLES_ESTIMATE,1,2,,2026-09-04T10:09:25.184Z,permanent,false,false,NOT_QUERIED_E1_NO_BUSINESS_ROW_ACCESS,NOT_QUERIED_E1_NO_BUSINESS_ROW_ACCESS,E2_REQUIRED_NO_DML_OR_ROW_HISTORY_PROBE,EXISTING_PUBLICATION_RECHECK_REQUIRED,CANDIDATE_FOR_TYPED_PORTAL_CONTRACT,NOT_QUERIED_E1_NO_BUSINESS_ROW_ACCESS,NON_SECRET_METADATA
trading_system_postgresql,public,broker_sync_valuation_history,TABLE,69ff8042237aeef5ddf1ced10e851bc6104e1ebb15a304061dba43ea10106fa9,portfolio_management,BROKER_SYNC,41-change-only-sync-storage.sql,BASELINE_MATCHED,ACCOUNTING_OR_PERFORMANCE_CANDIDATE_E2_REQUIRED,MUTABILITY_E2_REQUIRED,METADATA_READABLE_WITH_SELECT,true,true,PRIMARY_KEY_DECLARED,scope_type|scope_key|mode|venue|bucket_start,,PRIMARY_KEY_KEYSET_CANDIDATE,TIMESTAMP_PLUS_STABLE_KEY_CANDIDATE_E2_REQUIRED,mode|venue,2,0,40960,0,PG_CLASS_RELTUPLES_ESTIMATE,0,0,,,permanent,false,true,NOT_QUERIED_E1_NO_BUSINESS_ROW_ACCESS,NOT_QUERIED_E1_NO_BUSINESS_ROW_ACCESS,E2_REQUIRED_NO_DML_OR_ROW_HISTORY_PROBE,EXISTING_PUBLICATION_RECHECK_REQUIRED,CANDIDATE_FOR_TYPED_PORTAL_CONTRACT,NOT_QUERIED_E1_NO_BUSINESS_ROW_ACCESS,NON_SECRET_METADATA
trading_system_postgresql,public,cash_ledger,TABLE,69ff8042237aeef5ddf1ced10e851bc6104e1ebb15a304061dba43ea10106fa9,portfolio_management,CANONICAL_ACCOUNTING,11-portfolio-management.sql,BASELINE_MATCHED,ACCOUNTING_OR_PERFORMANCE_CANDIDATE_E2_REQUIRED,MUTABILITY_E2_REQUIRED,METADATA_READABLE_WITH_SELECT,true,true,PRIMARY_KEY_DECLARED,ledger_id,,PRIMARY_KEY_KEYSET_CANDIDATE,TIMESTAMP_PLUS_STABLE_KEY_CANDIDATE_E2_REQUIRED,account|instrument|mode|strategy|venue,1,3,32768,0,PG_CLASS_RELTUPLES_ESTIMATE,0,0,,,permanent,false,false,NOT_QUERIED_E1_NO_BUSINESS_ROW_ACCESS,NOT_QUERIED_E1_NO_BUSINESS_ROW_ACCESS,E2_REQUIRED_NO_DML_OR_ROW_HISTORY_PROBE,EXISTING_PUBLICATION_RECHECK_REQUIRED,CANDIDATE_FOR_TYPED_PORTAL_CONTRACT,NOT_QUERIED_E1_NO_BUSINESS_ROW_ACCESS,MAY_CONTAIN_SENSITIVE_STRUCTURED_DATA|NON_SECRET_METADATA
trading_system_postgresql,public,command_ack_evidence,TABLE,69ff8042237aeef5ddf1ced10e851bc6104e1ebb15a304061dba43ea10106fa9,command_journal,DURABLE_COMMAND,34-durable-command-journal.sql,BASELINE_MATCHED,AUTHORITY_E2_REQUIRED,LEDGER_OR_OUTBOX_MUTABILITY_E2_REQUIRED,METADATA_READABLE_WITH_SELECT,true,true,PRIMARY_KEY_DECLARED,evidence_id,command_id|evidence_type|source_stream|source_message_id,PRIMARY_KEY_KEYSET_CANDIDATE,TIMESTAMP_PLUS_STABLE_KEY_CANDIDATE_E2_REQUIRED,,1,1,434176,437,PG_CLASS_RELTUPLES_ESTIMATE,437,0,,,permanent,false,false,NOT_QUERIED_E1_NO_BUSINESS_ROW_ACCESS,NOT_QUERIED_E1_NO_BUSINESS_ROW_ACCESS,E2_REQUIRED_NO_DML_OR_ROW_HISTORY_PROBE,EXISTING_PUBLICATION_RECHECK_REQUIRED,CANDIDATE_FOR_TYPED_PORTAL_CONTRACT,NOT_QUERIED_E1_NO_BUSINESS_ROW_ACCESS,MAY_CONTAIN_SENSITIVE_STRUCTURED_DATA|NON_SECRET_METADATA
trading_system_postgresql,public,command_broker_attempts,TABLE,69ff8042237aeef5ddf1ced10e851bc6104e1ebb15a304061dba43ea10106fa9,command_journal,DURABLE_COMMAND,34-durable-command-journal.sql,BASELINE_MATCHED,AUTHORITY_E2_REQUIRED,LEDGER_OR_OUTBOX_MUTABILITY_E2_REQUIRED,METADATA_READABLE_WITH_SELECT,true,true,PRIMARY_KEY_DECLARED,command_id,,PRIMARY_KEY_KEYSET_CANDIDATE,TIMESTAMP_PLUS_STABLE_KEY_CANDIDATE_E2_REQUIRED,,3,1,24576,0,PG_CLASS_RELTUPLES_ESTIMATE,0,0,,,permanent,false,false,NOT_QUERIED_E1_NO_BUSINESS_ROW_ACCESS,NOT_QUERIED_E1_NO_BUSINESS_ROW_ACCESS,E2_REQUIRED_NO_DML_OR_ROW_HISTORY_PROBE,EXISTING_PUBLICATION_RECHECK_REQUIRED,CANDIDATE_FOR_TYPED_PORTAL_CONTRACT,NOT_QUERIED_E1_NO_BUSINESS_ROW_ACCESS,MAY_CONTAIN_SENSITIVE_STRUCTURED_DATA|NON_SECRET_METADATA
trading_system_postgresql,public,command_delivery_attempts,TABLE,69ff8042237aeef5ddf1ced10e851bc6104e1ebb15a304061dba43ea10106fa9,command_journal,DURABLE_COMMAND,34-durable-command-journal.sql,BASELINE_MATCHED,AUTHORITY_E2_REQUIRED,LEDGER_OR_OUTBOX_MUTABILITY_E2_REQUIRED,METADATA_READABLE_WITH_SELECT,true,true,PRIMARY_KEY_DECLARED,attempt_id,,PRIMARY_KEY_KEYSET_CANDIDATE,TIMESTAMP_PLUS_STABLE_KEY_CANDIDATE_E2_REQUIRED,,1,2,81920,7,PG_CLASS_RELTUPLES_ESTIMATE,7,0,,,permanent,false,false,NOT_QUERIED_E1_NO_BUSINESS_ROW_ACCESS,NOT_QUERIED_E1_NO_BUSINESS_ROW_ACCESS,E2_REQUIRED_NO_DML_OR_ROW_HISTORY_PROBE,EXISTING_PUBLICATION_RECHECK_REQUIRED,CANDIDATE_FOR_TYPED_PORTAL_CONTRACT,NOT_QUERIED_E1_NO_BUSINESS_ROW_ACCESS,NON_SECRET_METADATA
trading_system_postgresql,public,command_dispatch_outbox,TABLE,69ff8042237aeef5ddf1ced10e851bc6104e1ebb15a304061dba43ea10106fa9,command_journal,DURABLE_COMMAND,34-durable-command-journal.sql,BASELINE_MATCHED,AUTHORITY_E2_REQUIRED,LEDGER_OR_OUTBOX_MUTABILITY_E2_REQUIRED,METADATA_READABLE_WITH_SELECT,true,true,PRIMARY_KEY_DECLARED,outbox_id,command_id|delivery_stage,PRIMARY_KEY_KEYSET_CANDIDATE,TIMESTAMP_PLUS_STABLE_KEY_CANDIDATE_E2_REQUIRED,,6,1,1523712,437,PG_CLASS_RELTUPLES_ESTIMATE,437,0,,,permanent,false,false,NOT_QUERIED_E1_NO_BUSINESS_ROW_ACCESS,NOT_QUERIED_E1_NO_BUSINESS_ROW_ACCESS,E2_REQUIRED_NO_DML_OR_ROW_HISTORY_PROBE,EXISTING_PUBLICATION_RECHECK_REQUIRED,CANDIDATE_FOR_TYPED_PORTAL_CONTRACT,NOT_QUERIED_E1_NO_BUSINESS_ROW_ACCESS,IDENTIFIER_OR_PERSONAL_DATA_CANDIDATE|NON_SECRET_METADATA
trading_system_postgresql,public,command_journal,TABLE,69ff8042237aeef5ddf1ced10e851bc6104e1ebb15a304061dba43ea10106fa9,command_journal,DURABLE_COMMAND,34-durable-command-journal.sql,BASELINE_MATCHED,AUTHORITY_E2_REQUIRED,LEDGER_OR_OUTBOX_MUTABILITY_E2_REQUIRED,METADATA_READABLE_WITH_SELECT,true,true,PRIMARY_KEY_DECLARED,command_id,idempotency_scope|idempotency_key,PRIMARY_KEY_KEYSET_CANDIDATE,TIMESTAMP_PLUS_STABLE_KEY_CANDIDATE_E2_REQUIRED,account|mode|strategy|venue,5,0,2375680,397,PG_CLASS_RELTUPLES_ESTIMATE,397,0,,,permanent,false,false,NOT_QUERIED_E1_NO_BUSINESS_ROW_ACCESS,NOT_QUERIED_E1_NO_BUSINESS_ROW_ACCESS,E2_REQUIRED_NO_DML_OR_ROW_HISTORY_PROBE,EXISTING_PUBLICATION_RECHECK_REQUIRED,CANDIDATE_FOR_TYPED_PORTAL_CONTRACT,NOT_QUERIED_E1_NO_BUSINESS_ROW_ACCESS,MAY_CONTAIN_SENSITIVE_STRUCTURED_DATA|NON_SECRET_METADATA
trading_system_postgresql,public,command_stream_trim_audit,TABLE,69ff8042237aeef5ddf1ced10e851bc6104e1ebb15a304061dba43ea10106fa9,command_journal,DURABLE_COMMAND,34-durable-command-journal.sql,BASELINE_MATCHED,AUTHORITY_E2_REQUIRED,LEDGER_OR_OUTBOX_MUTABILITY_E2_REQUIRED,METADATA_READABLE_WITH_SELECT,true,true,PRIMARY_KEY_DECLARED,audit_id,,PRIMARY_KEY_KEYSET_CANDIDATE,TIMESTAMP_PLUS_STABLE_KEY_CANDIDATE_E2_REQUIRED,,1,0,16384,0,PG_CLASS_RELTUPLES_ESTIMATE,0,0,,,permanent,false,false,NOT_QUERIED_E1_NO_BUSINESS_ROW_ACCESS,NOT_QUERIED_E1_NO_BUSINESS_ROW_ACCESS,E2_REQUIRED_NO_DML_OR_ROW_HISTORY_PROBE,EXISTING_PUBLICATION_RECHECK_REQUIRED,CANDIDATE_FOR_TYPED_PORTAL_CONTRACT,NOT_QUERIED_E1_NO_BUSINESS_ROW_ACCESS,IDENTIFIER_OR_PERSONAL_DATA_CANDIDATE|NON_SECRET_METADATA
trading_system_postgresql,public,compatibility_surface_registry,TABLE,69ff8042237aeef5ddf1ced10e851bc6104e1ebb15a304061dba43ea10106fa9,platform_governance,GOVERNANCE_METADATA,39-production-governance.sql,BASELINE_MATCHED,AUTHORITY_E2_REQUIRED,MUTABILITY_E2_REQUIRED,METADATA_READABLE_WITH_SELECT,true,true,PRIMARY_KEY_DECLARED,surface_id,,PRIMARY_KEY_KEYSET_CANDIDATE,TIMESTAMP_PLUS_STABLE_KEY_CANDIDATE_E2_REQUIRED,,3,0,16384,0,PG_CLASS_RELTUPLES_ESTIMATE,0,0,,,permanent,false,false,NOT_QUERIED_E1_NO_BUSINESS_ROW_ACCESS,NOT_QUERIED_E1_NO_BUSINESS_ROW_ACCESS,E2_REQUIRED_NO_DML_OR_ROW_HISTORY_PROBE,EXISTING_PUBLICATION_RECHECK_REQUIRED,CANDIDATE_FOR_TYPED_PORTAL_CONTRACT,NOT_QUERIED_E1_NO_BUSINESS_ROW_ACCESS,NON_SECRET_METADATA
trading_system_postgresql,public,compatibility_usage_daily,TABLE,69ff8042237aeef5ddf1ced10e851bc6104e1ebb15a304061dba43ea10106fa9,platform_governance,GOVERNANCE_METADATA,39-production-governance.sql,BASELINE_MATCHED,AUTHORITY_E2_REQUIRED,MUTABILITY_E2_REQUIRED,METADATA_READABLE_WITH_SELECT,true,true,PRIMARY_KEY_DECLARED,usage_day|surface_id|consumer|operation,,PRIMARY_KEY_KEYSET_CANDIDATE,TIMESTAMP_PLUS_STABLE_KEY_CANDIDATE_E2_REQUIRED,,4,1,24576,0,PG_CLASS_RELTUPLES_ESTIMATE,0,0,,,permanent,false,false,NOT_QUERIED_E1_NO_BUSINESS_ROW_ACCESS,NOT_QUERIED_E1_NO_BUSINESS_ROW_ACCESS,E2_REQUIRED_NO_DML_OR_ROW_HISTORY_PROBE,EXISTING_PUBLICATION_RECHECK_REQUIRED,CANDIDATE_FOR_TYPED_PORTAL_CONTRACT,NOT_QUERIED_E1_NO_BUSINESS_ROW_ACCESS,NON_SECRET_METADATA
trading_system_postgresql,public,conditional_order_group_legs,TABLE,69ff8042237aeef5ddf1ced10e851bc6104e1ebb15a304061dba43ea10106fa9,order_groups,ORDER_LIFECYCLE,31-conditional-order-groups.sql,BASELINE_MATCHED,EXECUTION_CANDIDATE_E2_REQUIRED,MUTABILITY_E2_REQUIRED,METADATA_READABLE_WITH_SELECT,true,true,PRIMARY_KEY_DECLARED,group_id|leg_id,group_id|client_order_id,PRIMARY_KEY_KEYSET_CANDIDATE,TIMESTAMP_PLUS_STABLE_KEY_CANDIDATE_E2_REQUIRED,,4,1,40960,0,PG_CLASS_RELTUPLES_ESTIMATE,0,0,,,permanent,false,false,NOT_QUERIED_E1_NO_BUSINESS_ROW_ACCESS,NOT_QUERIED_E1_NO_BUSINESS_ROW_ACCESS,E2_REQUIRED_NO_DML_OR_ROW_HISTORY_PROBE,EXISTING_PUBLICATION_RECHECK_REQUIRED,CANDIDATE_FOR_TYPED_PORTAL_CONTRACT,NOT_QUERIED_E1_NO_BUSINESS_ROW_ACCESS,MAY_CONTAIN_SENSITIVE_STRUCTURED_DATA|NON_SECRET_METADATA
trading_system_postgresql,public,conditional_order_groups,TABLE,69ff8042237aeef5ddf1ced10e851bc6104e1ebb15a304061dba43ea10106fa9,order_groups,ORDER_LIFECYCLE,31-conditional-order-groups.sql,BASELINE_MATCHED,EXECUTION_CANDIDATE_E2_REQUIRED,MUTABILITY_E2_REQUIRED,METADATA_READABLE_WITH_SELECT,true,true,PRIMARY_KEY_DECLARED,group_id,,PRIMARY_KEY_KEYSET_CANDIDATE,TIMESTAMP_PLUS_STABLE_KEY_CANDIDATE_E2_REQUIRED,account|instrument|mode|session|strategy|venue,2,0,49152,0,PG_CLASS_RELTUPLES_ESTIMATE,0,0,,,permanent,false,false,NOT_QUERIED_E1_NO_BUSINESS_ROW_ACCESS,NOT_QUERIED_E1_NO_BUSINESS_ROW_ACCESS,E2_REQUIRED_NO_DML_OR_ROW_HISTORY_PROBE,EXISTING_PUBLICATION_RECHECK_REQUIRED,CANDIDATE_FOR_TYPED_PORTAL_CONTRACT,NOT_QUERIED_E1_NO_BUSINESS_ROW_ACCESS,MAY_CONTAIN_SENSITIVE_STRUCTURED_DATA|NON_SECRET_METADATA
trading_system_postgresql,public,copy_event_dead_letters,TABLE,69ff8042237aeef5ddf1ced10e851bc6104e1ebb15a304061dba43ea10106fa9,copy_outbox,DURABLE_OUTBOX,15-copy-trading-outbox.sql,BASELINE_MATCHED,AUTHORITY_E2_REQUIRED,LEDGER_OR_OUTBOX_MUTABILITY_E2_REQUIRED,METADATA_READABLE_WITH_SELECT,true,true,PRIMARY_KEY_DECLARED,id,,PRIMARY_KEY_KEYSET_CANDIDATE,TIMESTAMP_PLUS_STABLE_KEY_CANDIDATE_E2_REQUIRED,,2,0,24576,0,PG_CLASS_RELTUPLES_ESTIMATE,0,0,,,permanent,false,false,NOT_QUERIED_E1_NO_BUSINESS_ROW_ACCESS,NOT_QUERIED_E1_NO_BUSINESS_ROW_ACCESS,E2_REQUIRED_NO_DML_OR_ROW_HISTORY_PROBE,EXISTING_PUBLICATION_RECHECK_REQUIRED,CANDIDATE_FOR_TYPED_PORTAL_CONTRACT,NOT_QUERIED_E1_NO_BUSINESS_ROW_ACCESS,IDENTIFIER_OR_PERSONAL_DATA_CANDIDATE|MAY_CONTAIN_SENSITIVE_STRUCTURED_DATA|NON_SECRET_METADATA
trading_system_postgresql,public,copy_event_outbox,TABLE,69ff8042237aeef5ddf1ced10e851bc6104e1ebb15a304061dba43ea10106fa9,copy_outbox,DURABLE_OUTBOX,15-copy-trading-outbox.sql,BASELINE_MATCHED,AUTHORITY_E2_REQUIRED,LEDGER_OR_OUTBOX_MUTABILITY_E2_REQUIRED,METADATA_READABLE_WITH_SELECT,true,true,PRIMARY_KEY_DECLARED,copy_event_id,sequence_id,PRIMARY_KEY_KEYSET_CANDIDATE,TIMESTAMP_PLUS_STABLE_KEY_CANDIDATE_E2_REQUIRED,account|instrument|mode|strategy|venue,4,0,155648,4,PG_CLASS_RELTUPLES_ESTIMATE,4,0,,,permanent,false,false,NOT_QUERIED_E1_NO_BUSINESS_ROW_ACCESS,NOT_QUERIED_E1_NO_BUSINESS_ROW_ACCESS,E2_REQUIRED_NO_DML_OR_ROW_HISTORY_PROBE,EXISTING_PUBLICATION_RECHECK_REQUIRED,CANDIDATE_FOR_TYPED_PORTAL_CONTRACT,NOT_QUERIED_E1_NO_BUSINESS_ROW_ACCESS,IDENTIFIER_OR_PERSONAL_DATA_CANDIDATE|MAY_CONTAIN_SENSITIVE_STRUCTURED_DATA|NON_SECRET_METADATA
trading_system_postgresql,public,copy_publish_policies,TABLE,69ff8042237aeef5ddf1ced10e851bc6104e1ebb15a304061dba43ea10106fa9,copy_outbox,DURABLE_OUTBOX,15-copy-trading-outbox.sql,BASELINE_MATCHED,AUTHORITY_E2_REQUIRED,LEDGER_OR_OUTBOX_MUTABILITY_E2_REQUIRED,METADATA_READABLE_WITH_SELECT,true,true,PRIMARY_KEY_DECLARED,policy_id,,PRIMARY_KEY_KEYSET_CANDIDATE,TIMESTAMP_PLUS_STABLE_KEY_CANDIDATE_E2_REQUIRED,mode|strategy|venue,2,0,163840,80,PG_CLASS_RELTUPLES_ESTIMATE,80,0,,,permanent,false,false,NOT_QUERIED_E1_NO_BUSINESS_ROW_ACCESS,NOT_QUERIED_E1_NO_BUSINESS_ROW_ACCESS,E2_REQUIRED_NO_DML_OR_ROW_HISTORY_PROBE,EXISTING_PUBLICATION_RECHECK_REQUIRED,CANDIDATE_FOR_TYPED_PORTAL_CONTRACT,NOT_QUERIED_E1_NO_BUSINESS_ROW_ACCESS,IDENTIFIER_OR_PERSONAL_DATA_CANDIDATE|MAY_CONTAIN_SENSITIVE_STRUCTURED_DATA|NON_SECRET_METADATA
trading_system_postgresql,public,dead_letters,TABLE,69ff8042237aeef5ddf1ced10e851bc6104e1ebb15a304061dba43ea10106fa9,monitor,OPERATIONAL_AUDIT,09-observability-security.sql,BASELINE_MATCHED,AUDIT_OR_OPERATIONAL_CANDIDATE_E2_REQUIRED,MUTABLE_OPERATIONAL_CANDIDATE_E2_REQUIRED,METADATA_READABLE_WITH_SELECT,true,true,PRIMARY_KEY_DECLARED,id,,PRIMARY_KEY_KEYSET_CANDIDATE,TIMESTAMP_PLUS_STABLE_KEY_CANDIDATE_E2_REQUIRED,,2,0,81920,4,PG_CLASS_RELTUPLES_ESTIMATE,4,0,,,permanent,false,false,NOT_QUERIED_E1_NO_BUSINESS_ROW_ACCESS,NOT_QUERIED_E1_NO_BUSINESS_ROW_ACCESS,E2_REQUIRED_NO_DML_OR_ROW_HISTORY_PROBE,EXISTING_PUBLICATION_RECHECK_REQUIRED,CANDIDATE_FOR_TYPED_PORTAL_CONTRACT,NOT_QUERIED_E1_NO_BUSINESS_ROW_ACCESS,IDENTIFIER_OR_PERSONAL_DATA_CANDIDATE|MAY_CONTAIN_SENSITIVE_STRUCTURED_DATA|NON_SECRET_METADATA
trading_system_postgresql,public,dnse_trading_tokens,TABLE,69ff8042237aeef5ddf1ced10e851bc6104e1ebb15a304061dba43ea10106fa9,venue_adapters,VENUE_CONFIGURATION,07-venue-adapters.sql,BASELINE_MATCHED,REFERENCE_OR_VENUE_CANDIDATE_E2_REQUIRED,MUTABILITY_E2_REQUIRED,METADATA_READABLE_WITH_SELECT,true,true,PRIMARY_KEY_DECLARED,token_id,,PRIMARY_KEY_KEYSET_CANDIDATE,TIMESTAMP_PLUS_STABLE_KEY_CANDIDATE_E2_REQUIRED,account|venue,4,1,32768,0,PG_CLASS_RELTUPLES_ESTIMATE,0,0,,,permanent,false,false,NOT_QUERIED_E1_NO_BUSINESS_ROW_ACCESS,NOT_QUERIED_E1_NO_BUSINESS_ROW_ACCESS,E2_REQUIRED_NO_DML_OR_ROW_HISTORY_PROBE,EXISTING_PUBLICATION_RECHECK_REQUIRED,CANDIDATE_FOR_TYPED_PORTAL_CONTRACT,NOT_QUERIED_E1_NO_BUSINESS_ROW_ACCESS,NON_SECRET_METADATA|SECRET_MATERIAL_METADATA_ONLY
trading_system_postgresql,public,domain_events,TABLE,69ff8042237aeef5ddf1ced10e851bc6104e1ebb15a304061dba43ea10106fa9,event_store,IMMUTABLE_AUDIT,04-domain-events.sql,BASELINE_MATCHED,AUDIT_OR_OPERATIONAL_CANDIDATE_E2_REQUIRED,IMMUTABLE_APPEND_CANDIDATE_E2_REQUIRED,METADATA_READABLE_WITH_SELECT,true,true,PRIMARY_KEY_DECLARED,event_id|event_ts,,PRIMARY_KEY_KEYSET_CANDIDATE,TIMESTAMP_PLUS_STABLE_KEY_CANDIDATE_E2_REQUIRED,account|instrument|mode|strategy|venue,2,0,81920,0,PG_CLASS_RELTUPLES_ESTIMATE,0,0,,,permanent,false,true,NOT_QUERIED_E1_NO_BUSINESS_ROW_ACCESS,NOT_QUERIED_E1_NO_BUSINESS_ROW_ACCESS,E2_REQUIRED_NO_DML_OR_ROW_HISTORY_PROBE,EXISTING_PUBLICATION_RECHECK_REQUIRED,CANDIDATE_FOR_TYPED_PORTAL_CONTRACT,NOT_QUERIED_E1_NO_BUSINESS_ROW_ACCESS,MAY_CONTAIN_SENSITIVE_STRUCTURED_DATA|NON_SECRET_METADATA
trading_system_postgresql,public,engine_authority_decisions,TABLE,69ff8042237aeef5ddf1ced10e851bc6104e1ebb15a304061dba43ea10106fa9,engine_authority,AUTHORITY_CONTROL,38-engine-authority.sql,BASELINE_MATCHED,AUTHORITY_E2_REQUIRED,MUTABILITY_E2_REQUIRED,METADATA_READABLE_WITH_SELECT,true,true,PRIMARY_KEY_DECLARED,decision_id,scope_id|decision_key,PRIMARY_KEY_KEYSET_CANDIDATE,TIMESTAMP_PLUS_STABLE_KEY_CANDIDATE_E2_REQUIRED,,4,1,57344,0,PG_CLASS_RELTUPLES_ESTIMATE,0,0,,,permanent,false,false,NOT_QUERIED_E1_NO_BUSINESS_ROW_ACCESS,NOT_QUERIED_E1_NO_BUSINESS_ROW_ACCESS,E2_REQUIRED_NO_DML_OR_ROW_HISTORY_PROBE,EXISTING_PUBLICATION_RECHECK_REQUIRED,CANDIDATE_FOR_TYPED_PORTAL_CONTRACT,NOT_QUERIED_E1_NO_BUSINESS_ROW_ACCESS,NON_SECRET_METADATA|SECRET_MATERIAL_METADATA_ONLY
trading_system_postgresql,public,engine_authority_scopes,TABLE,69ff8042237aeef5ddf1ced10e851bc6104e1ebb15a304061dba43ea10106fa9,engine_authority,AUTHORITY_CONTROL,38-engine-authority.sql,BASELINE_MATCHED,AUTHORITY_E2_REQUIRED,MUTABILITY_E2_REQUIRED,METADATA_READABLE_WITH_SELECT,true,true,PRIMARY_KEY_DECLARED,scope_id,component|mode|venue|account_id,PRIMARY_KEY_KEYSET_CANDIDATE,TIMESTAMP_PLUS_STABLE_KEY_CANDIDATE_E2_REQUIRED,account|mode|venue,2,0,49152,0,PG_CLASS_RELTUPLES_ESTIMATE,0,0,,,permanent,false,false,NOT_QUERIED_E1_NO_BUSINESS_ROW_ACCESS,NOT_QUERIED_E1_NO_BUSINESS_ROW_ACCESS,E2_REQUIRED_NO_DML_OR_ROW_HISTORY_PROBE,EXISTING_PUBLICATION_RECHECK_REQUIRED,CANDIDATE_FOR_TYPED_PORTAL_CONTRACT,NOT_QUERIED_E1_NO_BUSINESS_ROW_ACCESS,MAY_CONTAIN_SENSITIVE_STRUCTURED_DATA|NON_SECRET_METADATA
trading_system_postgresql,public,engine_authority_transitions,TABLE,69ff8042237aeef5ddf1ced10e851bc6104e1ebb15a304061dba43ea10106fa9,engine_authority,AUTHORITY_CONTROL,38-engine-authority.sql,BASELINE_MATCHED,AUTHORITY_E2_REQUIRED,MUTABILITY_E2_REQUIRED,METADATA_READABLE_WITH_SELECT,true,true,PRIMARY_KEY_DECLARED,transition_id,,PRIMARY_KEY_KEYSET_CANDIDATE,TIMESTAMP_PLUS_STABLE_KEY_CANDIDATE_E2_REQUIRED,,1,1,32768,0,PG_CLASS_RELTUPLES_ESTIMATE,0,0,,,permanent,false,false,NOT_QUERIED_E1_NO_BUSINESS_ROW_ACCESS,NOT_QUERIED_E1_NO_BUSINESS_ROW_ACCESS,E2_REQUIRED_NO_DML_OR_ROW_HISTORY_PROBE,EXISTING_PUBLICATION_RECHECK_REQUIRED,CANDIDATE_FOR_TYPED_PORTAL_CONTRACT,NOT_QUERIED_E1_NO_BUSINESS_ROW_ACCESS,MAY_CONTAIN_SENSITIVE_STRUCTURED_DATA|NON_SECRET_METADATA
trading_system_postgresql,public,engine_shadow_comparisons,TABLE,69ff8042237aeef5ddf1ced10e851bc6104e1ebb15a304061dba43ea10106fa9,shadow,DECISION_EVIDENCE,37-rust-shadow-evidence.sql,BASELINE_MATCHED,AUTHORITY_E2_REQUIRED,MUTABILITY_E2_REQUIRED,METADATA_READABLE_WITH_SELECT,true,true,PRIMARY_KEY_DECLARED,comparison_id,,PRIMARY_KEY_KEYSET_CANDIDATE,TIMESTAMP_PLUS_STABLE_KEY_CANDIDATE_E2_REQUIRED,account|mode|strategy|venue,2,0,49152,0,PG_CLASS_RELTUPLES_ESTIMATE,0,0,,,permanent,false,false,NOT_QUERIED_E1_NO_BUSINESS_ROW_ACCESS,NOT_QUERIED_E1_NO_BUSINESS_ROW_ACCESS,E2_REQUIRED_NO_DML_OR_ROW_HISTORY_PROBE,EXISTING_PUBLICATION_RECHECK_REQUIRED,CANDIDATE_FOR_TYPED_PORTAL_CONTRACT,NOT_QUERIED_E1_NO_BUSINESS_ROW_ACCESS,NON_SECRET_METADATA
trading_system_postgresql,public,event_idempotency,TABLE,69ff8042237aeef5ddf1ced10e851bc6104e1ebb15a304061dba43ea10106fa9,event_store,IMMUTABLE_AUDIT,04-domain-events.sql,BASELINE_MATCHED,AUDIT_OR_OPERATIONAL_CANDIDATE_E2_REQUIRED,IMMUTABLE_APPEND_CANDIDATE_E2_REQUIRED,METADATA_READABLE_WITH_SELECT,true,true,PRIMARY_KEY_DECLARED,scope|idempotency_key,,PRIMARY_KEY_KEYSET_CANDIDATE,TIMESTAMP_PLUS_STABLE_KEY_CANDIDATE_E2_REQUIRED,,2,0,24576,0,PG_CLASS_RELTUPLES_ESTIMATE,0,0,,,permanent,false,false,NOT_QUERIED_E1_NO_BUSINESS_ROW_ACCESS,NOT_QUERIED_E1_NO_BUSINESS_ROW_ACCESS,E2_REQUIRED_NO_DML_OR_ROW_HISTORY_PROBE,EXISTING_PUBLICATION_RECHECK_REQUIRED,CANDIDATE_FOR_TYPED_PORTAL_CONTRACT,NOT_QUERIED_E1_NO_BUSINESS_ROW_ACCESS,MAY_CONTAIN_SENSITIVE_STRUCTURED_DATA|NON_SECRET_METADATA
trading_system_postgresql,public,execution_command_outbox,TABLE,69ff8042237aeef5ddf1ced10e851bc6104e1ebb15a304061dba43ea10106fa9,order_groups,ORDER_LIFECYCLE,31-conditional-order-groups.sql,BASELINE_MATCHED,EXECUTION_CANDIDATE_E2_REQUIRED,MUTABILITY_E2_REQUIRED,METADATA_READABLE_WITH_SELECT,true,true,PRIMARY_KEY_DECLARED,command_id,idempotency_key,PRIMARY_KEY_KEYSET_CANDIDATE,TIMESTAMP_PLUS_STABLE_KEY_CANDIDATE_E2_REQUIRED,,4,2,32768,0,PG_CLASS_RELTUPLES_ESTIMATE,0,0,,,permanent,false,false,NOT_QUERIED_E1_NO_BUSINESS_ROW_ACCESS,NOT_QUERIED_E1_NO_BUSINESS_ROW_ACCESS,E2_REQUIRED_NO_DML_OR_ROW_HISTORY_PROBE,EXISTING_PUBLICATION_RECHECK_REQUIRED,CANDIDATE_FOR_TYPED_PORTAL_CONTRACT,NOT_QUERIED_E1_NO_BUSINESS_ROW_ACCESS,MAY_CONTAIN_SENSITIVE_STRUCTURED_DATA|NON_SECRET_METADATA
trading_system_postgresql,public,execution_replay_jobs,TABLE,69ff8042237aeef5ddf1ced10e851bc6104e1ebb15a304061dba43ea10106fa9,replay,REPLAY_EVIDENCE,32-execution-replay-v2.sql,BASELINE_MATCHED,AUDIT_OR_OPERATIONAL_CANDIDATE_E2_REQUIRED,HISTORY_OR_SNAPSHOT_MUTABILITY_E2_REQUIRED,METADATA_READABLE_WITH_SELECT,true,true,PRIMARY_KEY_DECLARED,replay_id,,PRIMARY_KEY_KEYSET_CANDIDATE,TIMESTAMP_PLUS_STABLE_KEY_CANDIDATE_E2_REQUIRED,,4,0,32768,0,PG_CLASS_RELTUPLES_ESTIMATE,0,0,,,permanent,false,false,NOT_QUERIED_E1_NO_BUSINESS_ROW_ACCESS,NOT_QUERIED_E1_NO_BUSINESS_ROW_ACCESS,E2_REQUIRED_NO_DML_OR_ROW_HISTORY_PROBE,EXISTING_PUBLICATION_RECHECK_REQUIRED,CANDIDATE_FOR_TYPED_PORTAL_CONTRACT,NOT_QUERIED_E1_NO_BUSINESS_ROW_ACCESS,MAY_CONTAIN_SENSITIVE_STRUCTURED_DATA|NON_SECRET_METADATA
trading_system_postgresql,public,execution_sessions,TABLE,69ff8042237aeef5ddf1ced10e851bc6104e1ebb15a304061dba43ea10106fa9,gateway,EXECUTION_CONTROL,20-execution-sessions.sql,BASELINE_MATCHED,EXECUTION_CANDIDATE_E2_REQUIRED,MUTABILITY_E2_REQUIRED,METADATA_READABLE_WITH_SELECT,true,true,PRIMARY_KEY_DECLARED,execution_session_id,,PRIMARY_KEY_KEYSET_CANDIDATE,TIMESTAMP_PLUS_STABLE_KEY_CANDIDATE_E2_REQUIRED,account|mode|session|strategy|venue,3,3,78594048,65352,PG_CLASS_RELTUPLES_ESTIMATE,65352,0,,,permanent,false,false,NOT_QUERIED_E1_NO_BUSINESS_ROW_ACCESS,NOT_QUERIED_E1_NO_BUSINESS_ROW_ACCESS,E2_REQUIRED_NO_DML_OR_ROW_HISTORY_PROBE,EXISTING_PUBLICATION_RECHECK_REQUIRED,CANDIDATE_FOR_TYPED_PORTAL_CONTRACT,NOT_QUERIED_E1_NO_BUSINESS_ROW_ACCESS,MAY_CONTAIN_SENSITIVE_STRUCTURED_DATA|NON_SECRET_METADATA
trading_system_postgresql,public,fills,TABLE,69ff8042237aeef5ddf1ced10e851bc6104e1ebb15a304061dba43ea10106fa9,domain_core,CANONICAL_TRADING,05-trading-core-v2.sql,BASELINE_MATCHED,EXECUTION_CANDIDATE_E2_REQUIRED,MUTABILITY_E2_REQUIRED,METADATA_READABLE_WITH_SELECT,true,true,PRIMARY_KEY_DECLARED,fill_id|trade_time,,PRIMARY_KEY_KEYSET_CANDIDATE,TIMESTAMP_PLUS_STABLE_KEY_CANDIDATE_E2_REQUIRED,account|instrument|mode|session|strategy|venue,1,5,65536,0,PG_CLASS_RELTUPLES_ESTIMATE,0,0,,,permanent,false,true,NOT_QUERIED_E1_NO_BUSINESS_ROW_ACCESS,NOT_QUERIED_E1_NO_BUSINESS_ROW_ACCESS,E2_REQUIRED_NO_DML_OR_ROW_HISTORY_PROBE,EXISTING_PUBLICATION_RECHECK_REQUIRED,CANDIDATE_FOR_TYPED_PORTAL_CONTRACT,NOT_QUERIED_E1_NO_BUSINESS_ROW_ACCESS,NON_SECRET_METADATA
trading_system_postgresql,public,funding_accruals,TABLE,69ff8042237aeef5ddf1ced10e851bc6104e1ebb15a304061dba43ea10106fa9,performance,DERIVED_HISTORY,10-performance.sql,BASELINE_MATCHED,ACCOUNTING_OR_PERFORMANCE_CANDIDATE_E2_REQUIRED,HISTORY_OR_SNAPSHOT_MUTABILITY_E2_REQUIRED,METADATA_READABLE_WITH_SELECT,true,true,PRIMARY_KEY_DECLARED,id|ts,,PRIMARY_KEY_KEYSET_CANDIDATE,TIMESTAMP_PLUS_STABLE_KEY_CANDIDATE_E2_REQUIRED,account|deployment|instrument|mode|strategy|venue,2,4,49152,0,PG_CLASS_RELTUPLES_ESTIMATE,0,0,,,permanent,false,false,NOT_QUERIED_E1_NO_BUSINESS_ROW_ACCESS,NOT_QUERIED_E1_NO_BUSINESS_ROW_ACCESS,E2_REQUIRED_NO_DML_OR_ROW_HISTORY_PROBE,EXISTING_PUBLICATION_RECHECK_REQUIRED,CANDIDATE_FOR_TYPED_PORTAL_CONTRACT,NOT_QUERIED_E1_NO_BUSINESS_ROW_ACCESS,NON_SECRET_METADATA
trading_system_postgresql,public,funding_rates,TABLE,69ff8042237aeef5ddf1ced10e851bc6104e1ebb15a304061dba43ea10106fa9,legacy_compatibility,LEGACY_PROJECTION,02-init-schema.sql,BASELINE_MATCHED,AUTHORITY_E2_REQUIRED,MUTABLE_CURRENT_PROJECTION_CANDIDATE_E2_REQUIRED,METADATA_READABLE_WITH_SELECT,true,true,PRIMARY_KEY_DECLARED,symbol,,PRIMARY_KEY_KEYSET_CANDIDATE,TIMESTAMP_PLUS_STABLE_KEY_CANDIDATE_E2_REQUIRED,instrument,2,0,172032,601,PG_CLASS_RELTUPLES_ESTIMATE,601,0,,2026-09-04T10:11:25.154Z,permanent,false,false,NOT_QUERIED_E1_NO_BUSINESS_ROW_ACCESS,NOT_QUERIED_E1_NO_BUSINESS_ROW_ACCESS,E2_REQUIRED_NO_DML_OR_ROW_HISTORY_PROBE,EXISTING_PUBLICATION_RECHECK_REQUIRED,CANDIDATE_FOR_TYPED_PORTAL_CONTRACT,NOT_QUERIED_E1_NO_BUSINESS_ROW_ACCESS,NON_SECRET_METADATA
trading_system_postgresql,public,instrument_aliases,TABLE,69ff8042237aeef5ddf1ced10e851bc6104e1ebb15a304061dba43ea10106fa9,instruments,REFERENCE_DATA,36-product-aware-instruments.sql,BASELINE_MATCHED,REFERENCE_OR_VENUE_CANDIDATE_E2_REQUIRED,MUTABILITY_E2_REQUIRED,METADATA_READABLE_WITH_SELECT,true,true,PRIMARY_KEY_DECLARED,venue|product|alias,,PRIMARY_KEY_KEYSET_CANDIDATE,TIMESTAMP_PLUS_STABLE_KEY_CANDIDATE_E2_REQUIRED,instrument|venue,2,2,65536,1,PG_CLASS_RELTUPLES_ESTIMATE,1,0,,,permanent,false,false,NOT_QUERIED_E1_NO_BUSINESS_ROW_ACCESS,NOT_QUERIED_E1_NO_BUSINESS_ROW_ACCESS,E2_REQUIRED_NO_DML_OR_ROW_HISTORY_PROBE,EXISTING_PUBLICATION_RECHECK_REQUIRED,CANDIDATE_FOR_TYPED_PORTAL_CONTRACT,NOT_QUERIED_E1_NO_BUSINESS_ROW_ACCESS,NON_SECRET_METADATA
trading_system_postgresql,public,instrument_metadata_history,TABLE,69ff8042237aeef5ddf1ced10e851bc6104e1ebb15a304061dba43ea10106fa9,instruments,REFERENCE_DATA,36-product-aware-instruments.sql,BASELINE_MATCHED,REFERENCE_OR_VENUE_CANDIDATE_E2_REQUIRED,MUTABILITY_E2_REQUIRED,METADATA_READABLE_WITH_SELECT,true,true,PRIMARY_KEY_DECLARED,history_id,,PRIMARY_KEY_KEYSET_CANDIDATE,TIMESTAMP_PLUS_STABLE_KEY_CANDIDATE_E2_REQUIRED,instrument,1,0,24576,0,PG_CLASS_RELTUPLES_ESTIMATE,0,0,,,permanent,false,false,NOT_QUERIED_E1_NO_BUSINESS_ROW_ACCESS,NOT_QUERIED_E1_NO_BUSINESS_ROW_ACCESS,E2_REQUIRED_NO_DML_OR_ROW_HISTORY_PROBE,EXISTING_PUBLICATION_RECHECK_REQUIRED,CANDIDATE_FOR_TYPED_PORTAL_CONTRACT,NOT_QUERIED_E1_NO_BUSINESS_ROW_ACCESS,MAY_CONTAIN_SENSITIVE_STRUCTURED_DATA|NON_SECRET_METADATA
trading_system_postgresql,public,instruments,TABLE,69ff8042237aeef5ddf1ced10e851bc6104e1ebb15a304061dba43ea10106fa9,domain_core,CANONICAL_TRADING,05-trading-core-v2.sql,BASELINE_MATCHED,EXECUTION_CANDIDATE_E2_REQUIRED,MUTABILITY_E2_REQUIRED,METADATA_READABLE_WITH_SELECT,true,true,PRIMARY_KEY_DECLARED,instrument_id,,PRIMARY_KEY_KEYSET_CANDIDATE,TIMESTAMP_PLUS_STABLE_KEY_CANDIDATE_E2_REQUIRED,instrument|venue,1,1,114688,6,PG_CLASS_RELTUPLES_ESTIMATE,6,0,,,permanent,false,false,NOT_QUERIED_E1_NO_BUSINESS_ROW_ACCESS,NOT_QUERIED_E1_NO_BUSINESS_ROW_ACCESS,E2_REQUIRED_NO_DML_OR_ROW_HISTORY_PROBE,EXISTING_PUBLICATION_RECHECK_REQUIRED,CANDIDATE_FOR_TYPED_PORTAL_CONTRACT,NOT_QUERIED_E1_NO_BUSINESS_ROW_ACCESS,MAY_CONTAIN_SENSITIVE_STRUCTURED_DATA|NON_SECRET_METADATA
trading_system_postgresql,public,maintenance_policy_registry,TABLE,69ff8042237aeef5ddf1ced10e851bc6104e1ebb15a304061dba43ea10106fa9,platform_governance,GOVERNANCE_METADATA,40-storage-operations.sql,BASELINE_MATCHED,AUTHORITY_E2_REQUIRED,MUTABILITY_E2_REQUIRED,METADATA_READABLE_WITH_SELECT,true,true,PRIMARY_KEY_DECLARED,policy_id,,PRIMARY_KEY_KEYSET_CANDIDATE,TIMESTAMP_PLUS_STABLE_KEY_CANDIDATE_E2_REQUIRED,,1,0,65536,15,PG_CLASS_RELTUPLES_ESTIMATE,15,0,,,permanent,false,false,NOT_QUERIED_E1_NO_BUSINESS_ROW_ACCESS,NOT_QUERIED_E1_NO_BUSINESS_ROW_ACCESS,E2_REQUIRED_NO_DML_OR_ROW_HISTORY_PROBE,EXISTING_PUBLICATION_RECHECK_REQUIRED,CANDIDATE_FOR_TYPED_PORTAL_CONTRACT,NOT_QUERIED_E1_NO_BUSINESS_ROW_ACCESS,IDENTIFIER_OR_PERSONAL_DATA_CANDIDATE|NON_SECRET_METADATA
trading_system_postgresql,public,margin_balances,TABLE,69ff8042237aeef5ddf1ced10e851bc6104e1ebb15a304061dba43ea10106fa9,domain_core,CANONICAL_TRADING,05-trading-core-v2.sql,BASELINE_MATCHED,EXECUTION_CANDIDATE_E2_REQUIRED,MUTABILITY_E2_REQUIRED,METADATA_READABLE_WITH_SELECT,true,true,NO_DECLARED_STABLE_KEY_E2_REQUIRED,,,UNIQUE_INDEX_KEYSET_CANDIDATE,TIMESTAMP_PLUS_STABLE_KEY_CANDIDATE_E2_REQUIRED,account|instrument,1,1,16384,0,PG_CLASS_RELTUPLES_ESTIMATE,0,0,,,permanent,false,false,NOT_QUERIED_E1_NO_BUSINESS_ROW_ACCESS,NOT_QUERIED_E1_NO_BUSINESS_ROW_ACCESS,E2_REQUIRED_NO_DML_OR_ROW_HISTORY_PROBE,EXISTING_PUBLICATION_RECHECK_REQUIRED,CANDIDATE_FOR_TYPED_PORTAL_CONTRACT,NOT_QUERIED_E1_NO_BUSINESS_ROW_ACCESS,NON_SECRET_METADATA
trading_system_postgresql,public,margin_ledger,TABLE,69ff8042237aeef5ddf1ced10e851bc6104e1ebb15a304061dba43ea10106fa9,portfolio_management,CANONICAL_ACCOUNTING,11-portfolio-management.sql,BASELINE_MATCHED,ACCOUNTING_OR_PERFORMANCE_CANDIDATE_E2_REQUIRED,MUTABILITY_E2_REQUIRED,METADATA_READABLE_WITH_SELECT,true,true,PRIMARY_KEY_DECLARED,ledger_id,,PRIMARY_KEY_KEYSET_CANDIDATE,TIMESTAMP_PLUS_STABLE_KEY_CANDIDATE_E2_REQUIRED,account|instrument|mode|strategy|venue,1,3,188416,220,PG_CLASS_RELTUPLES_ESTIMATE,220,0,,,permanent,false,false,NOT_QUERIED_E1_NO_BUSINESS_ROW_ACCESS,NOT_QUERIED_E1_NO_BUSINESS_ROW_ACCESS,E2_REQUIRED_NO_DML_OR_ROW_HISTORY_PROBE,EXISTING_PUBLICATION_RECHECK_REQUIRED,CANDIDATE_FOR_TYPED_PORTAL_CONTRACT,NOT_QUERIED_E1_NO_BUSINESS_ROW_ACCESS,MAY_CONTAIN_SENSITIVE_STRUCTURED_DATA|NON_SECRET_METADATA
trading_system_postgresql,public,operator_operations,TABLE,69ff8042237aeef5ddf1ced10e851bc6104e1ebb15a304061dba43ea10106fa9,performance,DERIVED_HISTORY,19-performance-pnl-ops.sql,BASELINE_MATCHED,ACCOUNTING_OR_PERFORMANCE_CANDIDATE_E2_REQUIRED,HISTORY_OR_SNAPSHOT_MUTABILITY_E2_REQUIRED,METADATA_READABLE_WITH_SELECT,true,true,PRIMARY_KEY_DECLARED,operation_id,,PRIMARY_KEY_KEYSET_CANDIDATE,TIMESTAMP_PLUS_STABLE_KEY_CANDIDATE_E2_REQUIRED,mode|venue,2,0,32768,0,PG_CLASS_RELTUPLES_ESTIMATE,0,0,,,permanent,false,false,NOT_QUERIED_E1_NO_BUSINESS_ROW_ACCESS,NOT_QUERIED_E1_NO_BUSINESS_ROW_ACCESS,E2_REQUIRED_NO_DML_OR_ROW_HISTORY_PROBE,EXISTING_PUBLICATION_RECHECK_REQUIRED,CANDIDATE_FOR_TYPED_PORTAL_CONTRACT,NOT_QUERIED_E1_NO_BUSINESS_ROW_ACCESS,NON_SECRET_METADATA
trading_system_postgresql,public,order_bracket_legs,TABLE,69ff8042237aeef5ddf1ced10e851bc6104e1ebb15a304061dba43ea10106fa9,order_groups,ORDER_LIFECYCLE,26-order-brackets.sql,BASELINE_MATCHED,EXECUTION_CANDIDATE_E2_REQUIRED,MUTABILITY_E2_REQUIRED,METADATA_READABLE_WITH_SELECT,true,true,PRIMARY_KEY_DECLARED,leg_id,bracket_group_id|client_order_id;bracket_group_id|leg_type|leg_index,PRIMARY_KEY_KEYSET_CANDIDATE,TIMESTAMP_PLUS_STABLE_KEY_CANDIDATE_E2_REQUIRED,,6,1,8806400,2455,PG_CLASS_RELTUPLES_ESTIMATE,2455,767,,2026-09-04T10:11:25.218Z,permanent,false,false,NOT_QUERIED_E1_NO_BUSINESS_ROW_ACCESS,NOT_QUERIED_E1_NO_BUSINESS_ROW_ACCESS,E2_REQUIRED_NO_DML_OR_ROW_HISTORY_PROBE,EXISTING_PUBLICATION_RECHECK_REQUIRED,CANDIDATE_FOR_TYPED_PORTAL_CONTRACT,NOT_QUERIED_E1_NO_BUSINESS_ROW_ACCESS,NON_SECRET_METADATA
trading_system_postgresql,public,order_brackets,TABLE,69ff8042237aeef5ddf1ced10e851bc6104e1ebb15a304061dba43ea10106fa9,order_groups,ORDER_LIFECYCLE,26-order-brackets.sql,BASELINE_MATCHED,EXECUTION_CANDIDATE_E2_REQUIRED,MUTABILITY_E2_REQUIRED,METADATA_READABLE_WITH_SELECT,true,true,PRIMARY_KEY_DECLARED,bracket_group_id,,PRIMARY_KEY_KEYSET_CANDIDATE,TIMESTAMP_PLUS_STABLE_KEY_CANDIDATE_E2_REQUIRED,account|instrument|mode|session|strategy|venue,2,3,1417216,453,PG_CLASS_RELTUPLES_ESTIMATE,453,0,,,permanent,false,false,NOT_QUERIED_E1_NO_BUSINESS_ROW_ACCESS,NOT_QUERIED_E1_NO_BUSINESS_ROW_ACCESS,E2_REQUIRED_NO_DML_OR_ROW_HISTORY_PROBE,EXISTING_PUBLICATION_RECHECK_REQUIRED,CANDIDATE_FOR_TYPED_PORTAL_CONTRACT,NOT_QUERIED_E1_NO_BUSINESS_ROW_ACCESS,MAY_CONTAIN_SENSITIVE_STRUCTURED_DATA|NON_SECRET_METADATA
trading_system_postgresql,public,order_group_event_inbox,TABLE,69ff8042237aeef5ddf1ced10e851bc6104e1ebb15a304061dba43ea10106fa9,order_groups,ORDER_LIFECYCLE,31-conditional-order-groups.sql,BASELINE_MATCHED,EXECUTION_CANDIDATE_E2_REQUIRED,MUTABILITY_E2_REQUIRED,METADATA_READABLE_WITH_SELECT,true,true,PRIMARY_KEY_DECLARED,source_event_id,,PRIMARY_KEY_KEYSET_CANDIDATE,TIMESTAMP_PLUS_STABLE_KEY_CANDIDATE_E2_REQUIRED,,4,2,24576,0,PG_CLASS_RELTUPLES_ESTIMATE,0,0,,,permanent,false,false,NOT_QUERIED_E1_NO_BUSINESS_ROW_ACCESS,NOT_QUERIED_E1_NO_BUSINESS_ROW_ACCESS,E2_REQUIRED_NO_DML_OR_ROW_HISTORY_PROBE,EXISTING_PUBLICATION_RECHECK_REQUIRED,CANDIDATE_FOR_TYPED_PORTAL_CONTRACT,NOT_QUERIED_E1_NO_BUSINESS_ROW_ACCESS,MAY_CONTAIN_SENSITIVE_STRUCTURED_DATA|NON_SECRET_METADATA
trading_system_postgresql,public,order_pending_exposure,TABLE,69ff8042237aeef5ddf1ced10e851bc6104e1ebb15a304061dba43ea10106fa9,risk_engine,OPERATIONAL_RISK,12-pending-exposure.sql,BASELINE_MATCHED,RISK_CANDIDATE_E2_REQUIRED,MUTABLE_OPERATIONAL_CANDIDATE_E2_REQUIRED,METADATA_READABLE_WITH_SELECT,true,true,PRIMARY_KEY_DECLARED,mode|venue|account_id|client_order_id,,PRIMARY_KEY_KEYSET_CANDIDATE,TIMESTAMP_PLUS_STABLE_KEY_CANDIDATE_E2_REQUIRED,account|instrument|mode|strategy|venue,2,0,40960,0,PG_CLASS_RELTUPLES_ESTIMATE,0,0,,,permanent,false,false,NOT_QUERIED_E1_NO_BUSINESS_ROW_ACCESS,NOT_QUERIED_E1_NO_BUSINESS_ROW_ACCESS,E2_REQUIRED_NO_DML_OR_ROW_HISTORY_PROBE,EXISTING_PUBLICATION_RECHECK_REQUIRED,CANDIDATE_FOR_TYPED_PORTAL_CONTRACT,NOT_QUERIED_E1_NO_BUSINESS_ROW_ACCESS,NON_SECRET_METADATA
trading_system_postgresql,public,orders,TABLE,69ff8042237aeef5ddf1ced10e851bc6104e1ebb15a304061dba43ea10106fa9,domain_core,CANONICAL_TRADING,05-trading-core-v2.sql,BASELINE_MATCHED,EXECUTION_CANDIDATE_E2_REQUIRED,MUTABILITY_E2_REQUIRED,METADATA_READABLE_WITH_SELECT,true,true,PRIMARY_KEY_DECLARED,order_id,,PRIMARY_KEY_KEYSET_CANDIDATE,TIMESTAMP_PLUS_STABLE_KEY_CANDIDATE_E2_REQUIRED,account|instrument|mode|session|strategy|venue,3,7,3096576,1179,PG_CLASS_RELTUPLES_ESTIMATE,1179,0,,,permanent,false,false,NOT_QUERIED_E1_NO_BUSINESS_ROW_ACCESS,NOT_QUERIED_E1_NO_BUSINESS_ROW_ACCESS,E2_REQUIRED_NO_DML_OR_ROW_HISTORY_PROBE,EXISTING_PUBLICATION_RECHECK_REQUIRED,CANDIDATE_FOR_TYPED_PORTAL_CONTRACT,NOT_QUERIED_E1_NO_BUSINESS_ROW_ACCESS,MAY_CONTAIN_SENSITIVE_STRUCTURED_DATA|NON_SECRET_METADATA
trading_system_postgresql,public,paper_account_seed,TABLE,69ff8042237aeef5ddf1ced10e851bc6104e1ebb15a304061dba43ea10106fa9,paper_execution,PAPER_OPERATIONAL,06-paper-mode.sql,BASELINE_MATCHED,AUTHORITY_E2_REQUIRED,MUTABLE_OPERATIONAL_CANDIDATE_E2_REQUIRED,METADATA_READABLE_WITH_SELECT,true,true,PRIMARY_KEY_DECLARED,account_id|currency,,PRIMARY_KEY_KEYSET_CANDIDATE,TIMESTAMP_PLUS_STABLE_KEY_CANDIDATE_E2_REQUIRED,account,1,1,16384,0,PG_CLASS_RELTUPLES_ESTIMATE,0,0,,,permanent,false,false,NOT_QUERIED_E1_NO_BUSINESS_ROW_ACCESS,NOT_QUERIED_E1_NO_BUSINESS_ROW_ACCESS,E2_REQUIRED_NO_DML_OR_ROW_HISTORY_PROBE,EXISTING_PUBLICATION_RECHECK_REQUIRED,CANDIDATE_FOR_TYPED_PORTAL_CONTRACT,NOT_QUERIED_E1_NO_BUSINESS_ROW_ACCESS,NON_SECRET_METADATA
trading_system_postgresql,public,paper_matcher_config,TABLE,69ff8042237aeef5ddf1ced10e851bc6104e1ebb15a304061dba43ea10106fa9,paper_execution,PAPER_OPERATIONAL,06-paper-mode.sql,BASELINE_MATCHED,AUTHORITY_E2_REQUIRED,MUTABLE_OPERATIONAL_CANDIDATE_E2_REQUIRED,METADATA_READABLE_WITH_SELECT,true,true,NO_DECLARED_STABLE_KEY_E2_REQUIRED,,,UNIQUE_INDEX_KEYSET_CANDIDATE,TIMESTAMP_PLUS_STABLE_KEY_CANDIDATE_E2_REQUIRED,instrument|venue,2,1,16384,0,PG_CLASS_RELTUPLES_ESTIMATE,0,0,,,permanent,false,false,NOT_QUERIED_E1_NO_BUSINESS_ROW_ACCESS,NOT_QUERIED_E1_NO_BUSINESS_ROW_ACCESS,E2_REQUIRED_NO_DML_OR_ROW_HISTORY_PROBE,EXISTING_PUBLICATION_RECHECK_REQUIRED,CANDIDATE_FOR_TYPED_PORTAL_CONTRACT,NOT_QUERIED_E1_NO_BUSINESS_ROW_ACCESS,NON_SECRET_METADATA
trading_system_postgresql,public,paper_open_orders,TABLE,69ff8042237aeef5ddf1ced10e851bc6104e1ebb15a304061dba43ea10106fa9,paper_execution,PAPER_OPERATIONAL,06-paper-mode.sql,BASELINE_MATCHED,AUTHORITY_E2_REQUIRED,MUTABLE_OPERATIONAL_CANDIDATE_E2_REQUIRED,METADATA_READABLE_WITH_SELECT,true,true,PRIMARY_KEY_DECLARED,account_id|client_order_id,,PRIMARY_KEY_KEYSET_CANDIDATE,TIMESTAMP_PLUS_STABLE_KEY_CANDIDATE_E2_REQUIRED,account|instrument|strategy|venue,3,4,40960,0,PG_CLASS_RELTUPLES_ESTIMATE,0,0,,,permanent,false,false,NOT_QUERIED_E1_NO_BUSINESS_ROW_ACCESS,NOT_QUERIED_E1_NO_BUSINESS_ROW_ACCESS,E2_REQUIRED_NO_DML_OR_ROW_HISTORY_PROBE,EXISTING_PUBLICATION_RECHECK_REQUIRED,CANDIDATE_FOR_TYPED_PORTAL_CONTRACT,NOT_QUERIED_E1_NO_BUSINESS_ROW_ACCESS,NON_SECRET_METADATA
trading_system_postgresql,public,performance_events,TABLE,69ff8042237aeef5ddf1ced10e851bc6104e1ebb15a304061dba43ea10106fa9,performance,DERIVED_HISTORY,10-performance.sql,BASELINE_MATCHED,ACCOUNTING_OR_PERFORMANCE_CANDIDATE_E2_REQUIRED,HISTORY_OR_SNAPSHOT_MUTABILITY_E2_REQUIRED,METADATA_READABLE_WITH_SELECT,true,true,PRIMARY_KEY_DECLARED,id|event_time,,PRIMARY_KEY_KEYSET_CANDIDATE,TIMESTAMP_PLUS_STABLE_KEY_CANDIDATE_E2_REQUIRED,account|deployment|mode|strategy|venue,1,3,49152,0,PG_CLASS_RELTUPLES_ESTIMATE,0,0,,,permanent,false,false,NOT_QUERIED_E1_NO_BUSINESS_ROW_ACCESS,NOT_QUERIED_E1_NO_BUSINESS_ROW_ACCESS,E2_REQUIRED_NO_DML_OR_ROW_HISTORY_PROBE,EXISTING_PUBLICATION_RECHECK_REQUIRED,CANDIDATE_FOR_TYPED_PORTAL_CONTRACT,NOT_QUERIED_E1_NO_BUSINESS_ROW_ACCESS,MAY_CONTAIN_SENSITIVE_STRUCTURED_DATA|NON_SECRET_METADATA
trading_system_postgresql,public,performance_projection_current_state,TABLE,69ff8042237aeef5ddf1ced10e851bc6104e1ebb15a304061dba43ea10106fa9,domain_projection,CANONICAL_PROJECTION,35-canonical-domain-projections.sql,BASELINE_MATCHED,AUTHORITY_E2_REQUIRED,MUTABLE_CURRENT_PROJECTION_CANDIDATE_E2_REQUIRED,METADATA_READABLE_WITH_SELECT,true,true,PRIMARY_KEY_DECLARED,scope_type|scope_key|currency,,PRIMARY_KEY_KEYSET_CANDIDATE,TIMESTAMP_PLUS_STABLE_KEY_CANDIDATE_E2_REQUIRED,,3,0,122880,89,PG_CLASS_RELTUPLES_ESTIMATE,89,30,,2026-09-04T10:01:25.051Z,permanent,false,false,NOT_QUERIED_E1_NO_BUSINESS_ROW_ACCESS,NOT_QUERIED_E1_NO_BUSINESS_ROW_ACCESS,E2_REQUIRED_NO_DML_OR_ROW_HISTORY_PROBE,EXISTING_PUBLICATION_RECHECK_REQUIRED,CANDIDATE_FOR_TYPED_PORTAL_CONTRACT,NOT_QUERIED_E1_NO_BUSINESS_ROW_ACCESS,NON_SECRET_METADATA
trading_system_postgresql,public,performance_snapshots,TABLE,69ff8042237aeef5ddf1ced10e851bc6104e1ebb15a304061dba43ea10106fa9,performance,DERIVED_HISTORY,10-performance.sql,BASELINE_MATCHED,ACCOUNTING_OR_PERFORMANCE_CANDIDATE_E2_REQUIRED,HISTORY_OR_SNAPSHOT_MUTABILITY_E2_REQUIRED,METADATA_READABLE_WITH_SELECT,true,true,PRIMARY_KEY_DECLARED,id|ts,,PRIMARY_KEY_KEYSET_CANDIDATE,TIMESTAMP_PLUS_STABLE_KEY_CANDIDATE_E2_REQUIRED,account|deployment|instrument|mode|strategy|venue,2,4,73728,0,PG_CLASS_RELTUPLES_ESTIMATE,0,0,,,permanent,false,true,NOT_QUERIED_E1_NO_BUSINESS_ROW_ACCESS,NOT_QUERIED_E1_NO_BUSINESS_ROW_ACCESS,E2_REQUIRED_NO_DML_OR_ROW_HISTORY_PROBE,EXISTING_PUBLICATION_RECHECK_REQUIRED,CANDIDATE_FOR_TYPED_PORTAL_CONTRACT,NOT_QUERIED_E1_NO_BUSINESS_ROW_ACCESS,NON_SECRET_METADATA
trading_system_postgresql,public,portal_account_balances_scoped,VIEW,69ff8042237aeef5ddf1ced10e851bc6104e1ebb15a304061dba43ea10106fa9,portal_manager_read_facade,DEPLOYED_RUNTIME_READ_MODEL,DEPLOYED_RUNTIME_EVIDENCE:portal_account_balances_scoped_view,DEPLOYED_RUNTIME_OVERLAY_MATCHED,DERIVED_READ_MODEL_CANDIDATE_E2_REQUIRED,DERIVED_VIEW_OR_SNAPSHOT_E2_REQUIRED,METADATA_READABLE_WITH_SELECT,true,true,NO_DECLARED_STABLE_KEY_E2_REQUIRED,,,NO_SAFE_KEYSET_CANDIDATE_E2_REQUIRED,ORDERING_E2_REQUIRED,account|mode|venue,1,0,0,-1,PG_CLASS_RELTUPLES_ESTIMATE,0,0,,,permanent,false,false,NOT_QUERIED_E1_NO_BUSINESS_ROW_ACCESS,NOT_QUERIED_E1_NO_BUSINESS_ROW_ACCESS,E2_REQUIRED_NO_DML_OR_ROW_HISTORY_PROBE,EXISTING_PUBLICATION_RECHECK_REQUIRED,CANDIDATE_FOR_TYPED_PORTAL_CONTRACT,NOT_QUERIED_E1_NO_BUSINESS_ROW_ACCESS,NON_SECRET_METADATA
trading_system_postgresql,public,portfolio_allocations,TABLE,69ff8042237aeef5ddf1ced10e851bc6104e1ebb15a304061dba43ea10106fa9,portfolio_management,CANONICAL_ACCOUNTING,11-portfolio-management.sql,BASELINE_MATCHED,ACCOUNTING_OR_PERFORMANCE_CANDIDATE_E2_REQUIRED,MUTABILITY_E2_REQUIRED,METADATA_READABLE_WITH_SELECT,true,true,PRIMARY_KEY_DECLARED,allocation_id,,PRIMARY_KEY_KEYSET_CANDIDATE,TIMESTAMP_PLUS_STABLE_KEY_CANDIDATE_E2_REQUIRED,account|deployment|mode|portfolio|strategy|venue,2,5,172032,85,PG_CLASS_RELTUPLES_ESTIMATE,85,0,,,permanent,false,false,NOT_QUERIED_E1_NO_BUSINESS_ROW_ACCESS,NOT_QUERIED_E1_NO_BUSINESS_ROW_ACCESS,E2_REQUIRED_NO_DML_OR_ROW_HISTORY_PROBE,EXISTING_PUBLICATION_RECHECK_REQUIRED,CANDIDATE_FOR_TYPED_PORTAL_CONTRACT,NOT_QUERIED_E1_NO_BUSINESS_ROW_ACCESS,MAY_CONTAIN_SENSITIVE_STRUCTURED_DATA|NON_SECRET_METADATA
trading_system_postgresql,public,portfolio_audit_current_state,TABLE,69ff8042237aeef5ddf1ced10e851bc6104e1ebb15a304061dba43ea10106fa9,portfolio_management,BROKER_SYNC,41-change-only-sync-storage.sql,BASELINE_MATCHED,ACCOUNTING_OR_PERFORMANCE_CANDIDATE_E2_REQUIRED,MUTABILITY_E2_REQUIRED,METADATA_READABLE_WITH_SELECT,true,true,PRIMARY_KEY_DECLARED,action|target_type|target_id,,PRIMARY_KEY_KEYSET_CANDIDATE,TIMESTAMP_PLUS_STABLE_KEY_CANDIDATE_E2_REQUIRED,,2,1,155648,174,PG_CLASS_RELTUPLES_ESTIMATE,174,24,,2026-09-04T10:07:25.167Z,permanent,false,false,NOT_QUERIED_E1_NO_BUSINESS_ROW_ACCESS,NOT_QUERIED_E1_NO_BUSINESS_ROW_ACCESS,E2_REQUIRED_NO_DML_OR_ROW_HISTORY_PROBE,EXISTING_PUBLICATION_RECHECK_REQUIRED,CANDIDATE_FOR_TYPED_PORTAL_CONTRACT,NOT_QUERIED_E1_NO_BUSINESS_ROW_ACCESS,NON_SECRET_METADATA
trading_system_postgresql,public,portfolio_audit_log,TABLE,69ff8042237aeef5ddf1ced10e851bc6104e1ebb15a304061dba43ea10106fa9,portfolio_management,CANONICAL_ACCOUNTING,11-portfolio-management.sql,BASELINE_MATCHED,ACCOUNTING_OR_PERFORMANCE_CANDIDATE_E2_REQUIRED,MUTABILITY_E2_REQUIRED,METADATA_READABLE_WITH_SELECT,true,true,PRIMARY_KEY_DECLARED,audit_id,,PRIMARY_KEY_KEYSET_CANDIDATE,TIMESTAMP_PLUS_STABLE_KEY_CANDIDATE_E2_REQUIRED,,1,0,7192576,3932,PG_CLASS_RELTUPLES_ESTIMATE,3932,0,,,permanent,false,false,NOT_QUERIED_E1_NO_BUSINESS_ROW_ACCESS,NOT_QUERIED_E1_NO_BUSINESS_ROW_ACCESS,E2_REQUIRED_NO_DML_OR_ROW_HISTORY_PROBE,EXISTING_PUBLICATION_RECHECK_REQUIRED,CANDIDATE_FOR_TYPED_PORTAL_CONTRACT,NOT_QUERIED_E1_NO_BUSINESS_ROW_ACCESS,MAY_CONTAIN_SENSITIVE_STRUCTURED_DATA|NON_SECRET_METADATA
trading_system_postgresql,public,portfolio_capital_ledger,TABLE,69ff8042237aeef5ddf1ced10e851bc6104e1ebb15a304061dba43ea10106fa9,portfolio_management,CANONICAL_ACCOUNTING,11-portfolio-management.sql,BASELINE_MATCHED,ACCOUNTING_OR_PERFORMANCE_CANDIDATE_E2_REQUIRED,MUTABILITY_E2_REQUIRED,METADATA_READABLE_WITH_SELECT,true,true,PRIMARY_KEY_DECLARED,capital_ledger_id,,PRIMARY_KEY_KEYSET_CANDIDATE,TIMESTAMP_PLUS_STABLE_KEY_CANDIDATE_E2_REQUIRED,account|mode|portfolio|strategy|venue,1,5,163840,85,PG_CLASS_RELTUPLES_ESTIMATE,85,0,,,permanent,false,false,NOT_QUERIED_E1_NO_BUSINESS_ROW_ACCESS,NOT_QUERIED_E1_NO_BUSINESS_ROW_ACCESS,E2_REQUIRED_NO_DML_OR_ROW_HISTORY_PROBE,EXISTING_PUBLICATION_RECHECK_REQUIRED,CANDIDATE_FOR_TYPED_PORTAL_CONTRACT,NOT_QUERIED_E1_NO_BUSINESS_ROW_ACCESS,MAY_CONTAIN_SENSITIVE_STRUCTURED_DATA|NON_SECRET_METADATA
trading_system_postgresql,public,portfolio_equity_snapshots,TABLE,69ff8042237aeef5ddf1ced10e851bc6104e1ebb15a304061dba43ea10106fa9,performance,DERIVED_HISTORY,19-performance-pnl-ops.sql,BASELINE_MATCHED,ACCOUNTING_OR_PERFORMANCE_CANDIDATE_E2_REQUIRED,HISTORY_OR_SNAPSHOT_MUTABILITY_E2_REQUIRED,METADATA_READABLE_WITH_SELECT,true,true,PRIMARY_KEY_DECLARED,id|ts,,PRIMARY_KEY_KEYSET_CANDIDATE,TIMESTAMP_PLUS_STABLE_KEY_CANDIDATE_E2_REQUIRED,portfolio,2,1,49152,0,PG_CLASS_RELTUPLES_ESTIMATE,0,0,,,permanent,false,true,NOT_QUERIED_E1_NO_BUSINESS_ROW_ACCESS,NOT_QUERIED_E1_NO_BUSINESS_ROW_ACCESS,E2_REQUIRED_NO_DML_OR_ROW_HISTORY_PROBE,EXISTING_PUBLICATION_RECHECK_REQUIRED,CANDIDATE_FOR_TYPED_PORTAL_CONTRACT,NOT_QUERIED_E1_NO_BUSINESS_ROW_ACCESS,NON_SECRET_METADATA
trading_system_postgresql,public,portfolios,TABLE,69ff8042237aeef5ddf1ced10e851bc6104e1ebb15a304061dba43ea10106fa9,portfolio_management,CANONICAL_ACCOUNTING,11-portfolio-management.sql,BASELINE_MATCHED,ACCOUNTING_OR_PERFORMANCE_CANDIDATE_E2_REQUIRED,MUTABILITY_E2_REQUIRED,METADATA_READABLE_WITH_SELECT,true,true,PRIMARY_KEY_DECLARED,portfolio_id,,PRIMARY_KEY_KEYSET_CANDIDATE,TIMESTAMP_PLUS_STABLE_KEY_CANDIDATE_E2_REQUIRED,portfolio,2,0,65536,2,PG_CLASS_RELTUPLES_ESTIMATE,2,0,,,permanent,false,false,NOT_QUERIED_E1_NO_BUSINESS_ROW_ACCESS,NOT_QUERIED_E1_NO_BUSINESS_ROW_ACCESS,E2_REQUIRED_NO_DML_OR_ROW_HISTORY_PROBE,EXISTING_PUBLICATION_RECHECK_REQUIRED,CANDIDATE_FOR_TYPED_PORTAL_CONTRACT,NOT_QUERIED_E1_NO_BUSINESS_ROW_ACCESS,IDENTIFIER_OR_PERSONAL_DATA_CANDIDATE|MAY_CONTAIN_SENSITIVE_STRUCTURED_DATA|NON_SECRET_METADATA
trading_system_postgresql,public,positions_v2,TABLE,69ff8042237aeef5ddf1ced10e851bc6104e1ebb15a304061dba43ea10106fa9,domain_core,CANONICAL_TRADING,05-trading-core-v2.sql,BASELINE_MATCHED,EXECUTION_CANDIDATE_E2_REQUIRED,MUTABILITY_E2_REQUIRED,METADATA_READABLE_WITH_SELECT,true,true,PRIMARY_KEY_DECLARED,position_id,,PRIMARY_KEY_KEYSET_CANDIDATE,TIMESTAMP_PLUS_STABLE_KEY_CANDIDATE_E2_REQUIRED,account|instrument|mode|strategy|venue,4,4,106496,21,PG_CLASS_RELTUPLES_ESTIMATE,21,2,,2026-09-04T10:01:25.068Z,permanent,false,false,NOT_QUERIED_E1_NO_BUSINESS_ROW_ACCESS,NOT_QUERIED_E1_NO_BUSINESS_ROW_ACCESS,E2_REQUIRED_NO_DML_OR_ROW_HISTORY_PROBE,EXISTING_PUBLICATION_RECHECK_REQUIRED,CANDIDATE_FOR_TYPED_PORTAL_CONTRACT,NOT_QUERIED_E1_NO_BUSINESS_ROW_ACCESS,NON_SECRET_METADATA
trading_system_postgresql,public,projection_storage_policies,TABLE,69ff8042237aeef5ddf1ced10e851bc6104e1ebb15a304061dba43ea10106fa9,domain_projection,CANONICAL_PROJECTION,35-canonical-domain-projections.sql,BASELINE_MATCHED,AUTHORITY_E2_REQUIRED,MUTABLE_CURRENT_PROJECTION_CANDIDATE_E2_REQUIRED,METADATA_READABLE_WITH_SELECT,true,true,PRIMARY_KEY_DECLARED,policy_name,,PRIMARY_KEY_KEYSET_CANDIDATE,TIMESTAMP_PLUS_STABLE_KEY_CANDIDATE_E2_REQUIRED,,3,0,65536,8,PG_CLASS_RELTUPLES_ESTIMATE,8,0,,,permanent,false,false,NOT_QUERIED_E1_NO_BUSINESS_ROW_ACCESS,NOT_QUERIED_E1_NO_BUSINESS_ROW_ACCESS,E2_REQUIRED_NO_DML_OR_ROW_HISTORY_PROBE,EXISTING_PUBLICATION_RECHECK_REQUIRED,CANDIDATE_FOR_TYPED_PORTAL_CONTRACT,NOT_QUERIED_E1_NO_BUSINESS_ROW_ACCESS,IDENTIFIER_OR_PERSONAL_DATA_CANDIDATE|NON_SECRET_METADATA
trading_system_postgresql,public,reconciliation_findings,TABLE,69ff8042237aeef5ddf1ced10e851bc6104e1ebb15a304061dba43ea10106fa9,monitor,OPERATIONAL_AUDIT,09-observability-security.sql,BASELINE_MATCHED,AUDIT_OR_OPERATIONAL_CANDIDATE_E2_REQUIRED,MUTABLE_OPERATIONAL_CANDIDATE_E2_REQUIRED,METADATA_READABLE_WITH_SELECT,true,true,PRIMARY_KEY_DECLARED,finding_id,,PRIMARY_KEY_KEYSET_CANDIDATE,TIMESTAMP_PLUS_STABLE_KEY_CANDIDATE_E2_REQUIRED,account|mode|session|strategy|venue,2,1,229376,3,PG_CLASS_RELTUPLES_ESTIMATE,3,0,,,permanent,false,false,NOT_QUERIED_E1_NO_BUSINESS_ROW_ACCESS,NOT_QUERIED_E1_NO_BUSINESS_ROW_ACCESS,E2_REQUIRED_NO_DML_OR_ROW_HISTORY_PROBE,EXISTING_PUBLICATION_RECHECK_REQUIRED,CANDIDATE_FOR_TYPED_PORTAL_CONTRACT,NOT_QUERIED_E1_NO_BUSINESS_ROW_ACCESS,MAY_CONTAIN_SENSITIVE_STRUCTURED_DATA|NON_SECRET_METADATA
trading_system_postgresql,public,reconciliation_observation_buckets,TABLE,69ff8042237aeef5ddf1ced10e851bc6104e1ebb15a304061dba43ea10106fa9,portfolio_management,BROKER_SYNC,41-change-only-sync-storage.sql,BASELINE_MATCHED,ACCOUNTING_OR_PERFORMANCE_CANDIDATE_E2_REQUIRED,MUTABILITY_E2_REQUIRED,METADATA_READABLE_WITH_SELECT,true,true,PRIMARY_KEY_DECLARED,action|target_type|target_id|bucket_start,,PRIMARY_KEY_KEYSET_CANDIDATE,TIMESTAMP_PLUS_STABLE_KEY_CANDIDATE_E2_REQUIRED,,2,0,1499136,3588,PG_CLASS_RELTUPLES_ESTIMATE,3588,128,,2026-09-04T10:04:25.148Z,permanent,false,false,NOT_QUERIED_E1_NO_BUSINESS_ROW_ACCESS,NOT_QUERIED_E1_NO_BUSINESS_ROW_ACCESS,E2_REQUIRED_NO_DML_OR_ROW_HISTORY_PROBE,EXISTING_PUBLICATION_RECHECK_REQUIRED,CANDIDATE_FOR_TYPED_PORTAL_CONTRACT,NOT_QUERIED_E1_NO_BUSINESS_ROW_ACCESS,NON_SECRET_METADATA
trading_system_postgresql,public,redis_transport_epochs,TABLE,69ff8042237aeef5ddf1ced10e851bc6104e1ebb15a304061dba43ea10106fa9,platform_governance,GOVERNANCE_METADATA,40-storage-operations.sql,BASELINE_MATCHED,AUTHORITY_E2_REQUIRED,MUTABILITY_E2_REQUIRED,METADATA_READABLE_WITH_SELECT,true,true,PRIMARY_KEY_DECLARED,transport_name,,PRIMARY_KEY_KEYSET_CANDIDATE,TIMESTAMP_PLUS_STABLE_KEY_CANDIDATE_E2_REQUIRED,,3,0,65536,1,PG_CLASS_RELTUPLES_ESTIMATE,1,1,,,permanent,false,false,NOT_QUERIED_E1_NO_BUSINESS_ROW_ACCESS,NOT_QUERIED_E1_NO_BUSINESS_ROW_ACCESS,E2_REQUIRED_NO_DML_OR_ROW_HISTORY_PROBE,EXISTING_PUBLICATION_RECHECK_REQUIRED,CANDIDATE_FOR_TYPED_PORTAL_CONTRACT,NOT_QUERIED_E1_NO_BUSINESS_ROW_ACCESS,IDENTIFIER_OR_PERSONAL_DATA_CANDIDATE|NON_SECRET_METADATA
trading_system_postgresql,public,risk_grants,TABLE,69ff8042237aeef5ddf1ced10e851bc6104e1ebb15a304061dba43ea10106fa9,risk_engine,OPERATIONAL_RISK,21-risk-grants.sql,BASELINE_MATCHED,RISK_CANDIDATE_E2_REQUIRED,MUTABLE_OPERATIONAL_CANDIDATE_E2_REQUIRED,METADATA_READABLE_WITH_SELECT,true,true,PRIMARY_KEY_DECLARED,risk_grant_id,,PRIMARY_KEY_KEYSET_CANDIDATE,TIMESTAMP_PLUS_STABLE_KEY_CANDIDATE_E2_REQUIRED,account|mode|session|strategy|venue,4,2,40960,0,PG_CLASS_RELTUPLES_ESTIMATE,0,0,,,permanent,false,false,NOT_QUERIED_E1_NO_BUSINESS_ROW_ACCESS,NOT_QUERIED_E1_NO_BUSINESS_ROW_ACCESS,E2_REQUIRED_NO_DML_OR_ROW_HISTORY_PROBE,EXISTING_PUBLICATION_RECHECK_REQUIRED,CANDIDATE_FOR_TYPED_PORTAL_CONTRACT,NOT_QUERIED_E1_NO_BUSINESS_ROW_ACCESS,MAY_CONTAIN_SENSITIVE_STRUCTURED_DATA|NON_SECRET_METADATA
trading_system_postgresql,public,risk_profiles,TABLE,69ff8042237aeef5ddf1ced10e851bc6104e1ebb15a304061dba43ea10106fa9,domain_core,CANONICAL_TRADING,05-trading-core-v2.sql,BASELINE_MATCHED,EXECUTION_CANDIDATE_E2_REQUIRED,MUTABILITY_E2_REQUIRED,METADATA_READABLE_WITH_SELECT,true,true,NO_DECLARED_STABLE_KEY_E2_REQUIRED,,,UNIQUE_INDEX_KEYSET_CANDIDATE,TIMESTAMP_PLUS_STABLE_KEY_CANDIDATE_E2_REQUIRED,instrument|mode|strategy|venue,1,2,180224,201,PG_CLASS_RELTUPLES_ESTIMATE,201,0,,,permanent,false,false,NOT_QUERIED_E1_NO_BUSINESS_ROW_ACCESS,NOT_QUERIED_E1_NO_BUSINESS_ROW_ACCESS,E2_REQUIRED_NO_DML_OR_ROW_HISTORY_PROBE,EXISTING_PUBLICATION_RECHECK_REQUIRED,CANDIDATE_FOR_TYPED_PORTAL_CONTRACT,NOT_QUERIED_E1_NO_BUSINESS_ROW_ACCESS,NON_SECRET_METADATA
trading_system_postgresql,public,schema_migration_ledger,TABLE,69ff8042237aeef5ddf1ced10e851bc6104e1ebb15a304061dba43ea10106fa9,platform_governance,GOVERNANCE_METADATA,39-production-governance.sql,BASELINE_MATCHED,AUTHORITY_E2_REQUIRED,MUTABILITY_E2_REQUIRED,METADATA_READABLE_WITH_SELECT,true,true,PRIMARY_KEY_DECLARED,version,filename,PRIMARY_KEY_KEYSET_CANDIDATE,TIMESTAMP_PLUS_STABLE_KEY_CANDIDATE_E2_REQUIRED,mode,2,0,90112,44,PG_CLASS_RELTUPLES_ESTIMATE,44,0,,,permanent,false,false,NOT_QUERIED_E1_NO_BUSINESS_ROW_ACCESS,NOT_QUERIED_E1_NO_BUSINESS_ROW_ACCESS,E2_REQUIRED_NO_DML_OR_ROW_HISTORY_PROBE,EXISTING_PUBLICATION_RECHECK_REQUIRED,CANDIDATE_FOR_TYPED_PORTAL_CONTRACT,NOT_QUERIED_E1_NO_BUSINESS_ROW_ACCESS,IDENTIFIER_OR_PERSONAL_DATA_CANDIDATE|MAY_CONTAIN_SENSITIVE_STRUCTURED_DATA|NON_SECRET_METADATA
trading_system_postgresql,public,schema_object_ownership,TABLE,69ff8042237aeef5ddf1ced10e851bc6104e1ebb15a304061dba43ea10106fa9,platform_governance,GOVERNANCE_METADATA,39-production-governance.sql,BASELINE_MATCHED,AUTHORITY_E2_REQUIRED,MUTABILITY_E2_REQUIRED,METADATA_READABLE_WITH_SELECT,true,true,PRIMARY_KEY_DECLARED,object_schema|object_name|object_type,,PRIMARY_KEY_KEYSET_CANDIDATE,TIMESTAMP_PLUS_STABLE_KEY_CANDIDATE_E2_REQUIRED,,1,0,16384,0,PG_CLASS_RELTUPLES_ESTIMATE,0,0,,,permanent,false,false,NOT_QUERIED_E1_NO_BUSINESS_ROW_ACCESS,NOT_QUERIED_E1_NO_BUSINESS_ROW_ACCESS,E2_REQUIRED_NO_DML_OR_ROW_HISTORY_PROBE,EXISTING_PUBLICATION_RECHECK_REQUIRED,CANDIDATE_FOR_TYPED_PORTAL_CONTRACT,NOT_QUERIED_E1_NO_BUSINESS_ROW_ACCESS,IDENTIFIER_OR_PERSONAL_DATA_CANDIDATE|NON_SECRET_METADATA
trading_system_postgresql,public,service_heartbeats,TABLE,69ff8042237aeef5ddf1ced10e851bc6104e1ebb15a304061dba43ea10106fa9,monitor,OPERATIONAL_AUDIT,09-observability-security.sql,BASELINE_MATCHED,AUDIT_OR_OPERATIONAL_CANDIDATE_E2_REQUIRED,MUTABLE_OPERATIONAL_CANDIDATE_E2_REQUIRED,METADATA_READABLE_WITH_SELECT,true,true,PRIMARY_KEY_DECLARED,service_name,,PRIMARY_KEY_KEYSET_CANDIDATE,TIMESTAMP_PLUS_STABLE_KEY_CANDIDATE_E2_REQUIRED,,1,0,81920,13,PG_CLASS_RELTUPLES_ESTIMATE,13,27,,2026-09-04T10:10:25.142Z,permanent,false,false,NOT_QUERIED_E1_NO_BUSINESS_ROW_ACCESS,NOT_QUERIED_E1_NO_BUSINESS_ROW_ACCESS,E2_REQUIRED_NO_DML_OR_ROW_HISTORY_PROBE,EXISTING_PUBLICATION_RECHECK_REQUIRED,CANDIDATE_FOR_TYPED_PORTAL_CONTRACT,NOT_QUERIED_E1_NO_BUSINESS_ROW_ACCESS,IDENTIFIER_OR_PERSONAL_DATA_CANDIDATE|MAY_CONTAIN_SENSITIVE_STRUCTURED_DATA|NON_SECRET_METADATA
trading_system_postgresql,public,settlement_buckets,TABLE,69ff8042237aeef5ddf1ced10e851bc6104e1ebb15a304061dba43ea10106fa9,settlement,CANONICAL_ACCOUNTING,08-settlement.sql,BASELINE_MATCHED,ACCOUNTING_OR_PERFORMANCE_CANDIDATE_E2_REQUIRED,MUTABILITY_E2_REQUIRED,METADATA_READABLE_WITH_SELECT,true,true,NO_DECLARED_STABLE_KEY_E2_REQUIRED,,,UNIQUE_INDEX_KEYSET_CANDIDATE,TIMESTAMP_PLUS_STABLE_KEY_CANDIDATE_E2_REQUIRED,account|instrument,2,1,16384,0,PG_CLASS_RELTUPLES_ESTIMATE,0,0,,,permanent,false,false,NOT_QUERIED_E1_NO_BUSINESS_ROW_ACCESS,NOT_QUERIED_E1_NO_BUSINESS_ROW_ACCESS,E2_REQUIRED_NO_DML_OR_ROW_HISTORY_PROBE,EXISTING_PUBLICATION_RECHECK_REQUIRED,CANDIDATE_FOR_TYPED_PORTAL_CONTRACT,NOT_QUERIED_E1_NO_BUSINESS_ROW_ACCESS,NON_SECRET_METADATA
trading_system_postgresql,public,settlement_calendars,TABLE,69ff8042237aeef5ddf1ced10e851bc6104e1ebb15a304061dba43ea10106fa9,settlement,CANONICAL_ACCOUNTING,08-settlement.sql,BASELINE_MATCHED,ACCOUNTING_OR_PERFORMANCE_CANDIDATE_E2_REQUIRED,MUTABILITY_E2_REQUIRED,METADATA_READABLE_WITH_SELECT,true,true,PRIMARY_KEY_DECLARED,venue|market|trade_date,,PRIMARY_KEY_KEYSET_CANDIDATE,TIMESTAMP_PLUS_STABLE_KEY_CANDIDATE_E2_REQUIRED,venue,2,1,16384,0,PG_CLASS_RELTUPLES_ESTIMATE,0,0,,,permanent,false,false,NOT_QUERIED_E1_NO_BUSINESS_ROW_ACCESS,NOT_QUERIED_E1_NO_BUSINESS_ROW_ACCESS,E2_REQUIRED_NO_DML_OR_ROW_HISTORY_PROBE,EXISTING_PUBLICATION_RECHECK_REQUIRED,CANDIDATE_FOR_TYPED_PORTAL_CONTRACT,NOT_QUERIED_E1_NO_BUSINESS_ROW_ACCESS,MAY_CONTAIN_SENSITIVE_STRUCTURED_DATA|NON_SECRET_METADATA
trading_system_postgresql,public,settlements,TABLE,69ff8042237aeef5ddf1ced10e851bc6104e1ebb15a304061dba43ea10106fa9,settlement,CANONICAL_ACCOUNTING,08-settlement.sql,BASELINE_MATCHED,ACCOUNTING_OR_PERFORMANCE_CANDIDATE_E2_REQUIRED,MUTABILITY_E2_REQUIRED,METADATA_READABLE_WITH_SELECT,true,true,PRIMARY_KEY_DECLARED,settlement_id,,PRIMARY_KEY_KEYSET_CANDIDATE,TIMESTAMP_PLUS_STABLE_KEY_CANDIDATE_E2_REQUIRED,account|instrument|mode|strategy|venue,4,4,40960,0,PG_CLASS_RELTUPLES_ESTIMATE,0,0,,,permanent,false,false,NOT_QUERIED_E1_NO_BUSINESS_ROW_ACCESS,NOT_QUERIED_E1_NO_BUSINESS_ROW_ACCESS,E2_REQUIRED_NO_DML_OR_ROW_HISTORY_PROBE,EXISTING_PUBLICATION_RECHECK_REQUIRED,CANDIDATE_FOR_TYPED_PORTAL_CONTRACT,NOT_QUERIED_E1_NO_BUSINESS_ROW_ACCESS,NON_SECRET_METADATA
trading_system_postgresql,public,sizing_decisions,TABLE,69ff8042237aeef5ddf1ced10e851bc6104e1ebb15a304061dba43ea10106fa9,gateway,DECISION_EVIDENCE,27-sizing-decisions.sql,BASELINE_MATCHED,AUTHORITY_E2_REQUIRED,MUTABILITY_E2_REQUIRED,METADATA_READABLE_WITH_SELECT,true,true,PRIMARY_KEY_DECLARED,decision_id,,PRIMARY_KEY_KEYSET_CANDIDATE,TIMESTAMP_PLUS_STABLE_KEY_CANDIDATE_E2_REQUIRED,account|instrument|mode|strategy|venue,1,0,2777088,625,PG_CLASS_RELTUPLES_ESTIMATE,625,0,,,permanent,false,false,NOT_QUERIED_E1_NO_BUSINESS_ROW_ACCESS,NOT_QUERIED_E1_NO_BUSINESS_ROW_ACCESS,E2_REQUIRED_NO_DML_OR_ROW_HISTORY_PROBE,EXISTING_PUBLICATION_RECHECK_REQUIRED,CANDIDATE_FOR_TYPED_PORTAL_CONTRACT,NOT_QUERIED_E1_NO_BUSINESS_ROW_ACCESS,MAY_CONTAIN_SENSITIVE_STRUCTURED_DATA|NON_SECRET_METADATA
trading_system_postgresql,public,storage_archive_manifests,TABLE,69ff8042237aeef5ddf1ced10e851bc6104e1ebb15a304061dba43ea10106fa9,portfolio_management,BROKER_SYNC,41-change-only-sync-storage.sql,BASELINE_MATCHED,ACCOUNTING_OR_PERFORMANCE_CANDIDATE_E2_REQUIRED,MUTABILITY_E2_REQUIRED,METADATA_READABLE_WITH_SELECT,true,true,PRIMARY_KEY_DECLARED,manifest_id,,PRIMARY_KEY_KEYSET_CANDIDATE,TIMESTAMP_PLUS_STABLE_KEY_CANDIDATE_E2_REQUIRED,,6,0,16384,0,PG_CLASS_RELTUPLES_ESTIMATE,0,0,,,permanent,false,false,NOT_QUERIED_E1_NO_BUSINESS_ROW_ACCESS,NOT_QUERIED_E1_NO_BUSINESS_ROW_ACCESS,E2_REQUIRED_NO_DML_OR_ROW_HISTORY_PROBE,EXISTING_PUBLICATION_RECHECK_REQUIRED,CANDIDATE_FOR_TYPED_PORTAL_CONTRACT,NOT_QUERIED_E1_NO_BUSINESS_ROW_ACCESS,IDENTIFIER_OR_PERSONAL_DATA_CANDIDATE|MAY_CONTAIN_SENSITIVE_STRUCTURED_DATA|NON_SECRET_METADATA
trading_system_postgresql,public,strategies,TABLE,69ff8042237aeef5ddf1ced10e851bc6104e1ebb15a304061dba43ea10106fa9,domain_core,CANONICAL_TRADING,05-trading-core-v2.sql,BASELINE_MATCHED,EXECUTION_CANDIDATE_E2_REQUIRED,MUTABILITY_E2_REQUIRED,METADATA_READABLE_WITH_SELECT,true,true,PRIMARY_KEY_DECLARED,strategy_id,,PRIMARY_KEY_KEYSET_CANDIDATE,TIMESTAMP_PLUS_STABLE_KEY_CANDIDATE_E2_REQUIRED,strategy,1,1,81920,48,PG_CLASS_RELTUPLES_ESTIMATE,48,0,,,permanent,false,false,NOT_QUERIED_E1_NO_BUSINESS_ROW_ACCESS,NOT_QUERIED_E1_NO_BUSINESS_ROW_ACCESS,E2_REQUIRED_NO_DML_OR_ROW_HISTORY_PROBE,EXISTING_PUBLICATION_RECHECK_REQUIRED,CANDIDATE_FOR_TYPED_PORTAL_CONTRACT,NOT_QUERIED_E1_NO_BUSINESS_ROW_ACCESS,NON_SECRET_METADATA
trading_system_postgresql,public,strategy_deployments,TABLE,69ff8042237aeef5ddf1ced10e851bc6104e1ebb15a304061dba43ea10106fa9,performance,DERIVED_HISTORY,10-performance.sql,BASELINE_MATCHED,ACCOUNTING_OR_PERFORMANCE_CANDIDATE_E2_REQUIRED,HISTORY_OR_SNAPSHOT_MUTABILITY_E2_REQUIRED,METADATA_READABLE_WITH_SELECT,true,true,PRIMARY_KEY_DECLARED,deployment_id,strategy_id|account_id|mode|venue,PRIMARY_KEY_KEYSET_CANDIDATE,TIMESTAMP_PLUS_STABLE_KEY_CANDIDATE_E2_REQUIRED,account|deployment|mode|portfolio|profile|strategy|venue,2,4,163840,86,PG_CLASS_RELTUPLES_ESTIMATE,86,19,,2026-09-04T10:11:25.162Z,permanent,false,false,NOT_QUERIED_E1_NO_BUSINESS_ROW_ACCESS,NOT_QUERIED_E1_NO_BUSINESS_ROW_ACCESS,E2_REQUIRED_NO_DML_OR_ROW_HISTORY_PROBE,EXISTING_PUBLICATION_RECHECK_REQUIRED,CANDIDATE_FOR_TYPED_PORTAL_CONTRACT,NOT_QUERIED_E1_NO_BUSINESS_ROW_ACCESS,MAY_CONTAIN_SENSITIVE_STRUCTURED_DATA|NON_SECRET_METADATA
trading_system_postgresql,public,traders,TABLE,69ff8042237aeef5ddf1ced10e851bc6104e1ebb15a304061dba43ea10106fa9,domain_core,CANONICAL_TRADING,05-trading-core-v2.sql,BASELINE_MATCHED,EXECUTION_CANDIDATE_E2_REQUIRED,MUTABILITY_E2_REQUIRED,METADATA_READABLE_WITH_SELECT,true,true,PRIMARY_KEY_DECLARED,trader_id,,PRIMARY_KEY_KEYSET_CANDIDATE,TIMESTAMP_PLUS_STABLE_KEY_CANDIDATE_E2_REQUIRED,,1,0,65536,2,PG_CLASS_RELTUPLES_ESTIMATE,2,0,,,permanent,false,false,NOT_QUERIED_E1_NO_BUSINESS_ROW_ACCESS,NOT_QUERIED_E1_NO_BUSINESS_ROW_ACCESS,E2_REQUIRED_NO_DML_OR_ROW_HISTORY_PROBE,EXISTING_PUBLICATION_RECHECK_REQUIRED,CANDIDATE_FOR_TYPED_PORTAL_CONTRACT,NOT_QUERIED_E1_NO_BUSINESS_ROW_ACCESS,IDENTIFIER_OR_PERSONAL_DATA_CANDIDATE|NON_SECRET_METADATA
trading_system_postgresql,public,venue_accounts,TABLE,69ff8042237aeef5ddf1ced10e851bc6104e1ebb15a304061dba43ea10106fa9,venue_adapters,VENUE_CONFIGURATION,07-venue-adapters.sql,BASELINE_MATCHED,REFERENCE_OR_VENUE_CANDIDATE_E2_REQUIRED,MUTABILITY_E2_REQUIRED,METADATA_READABLE_WITH_SELECT,true,true,PRIMARY_KEY_DECLARED,venue_account_id,,PRIMARY_KEY_KEYSET_CANDIDATE,TIMESTAMP_PLUS_STABLE_KEY_CANDIDATE_E2_REQUIRED,account|venue,2,2,24576,0,PG_CLASS_RELTUPLES_ESTIMATE,0,0,,,permanent,false,false,NOT_QUERIED_E1_NO_BUSINESS_ROW_ACCESS,NOT_QUERIED_E1_NO_BUSINESS_ROW_ACCESS,E2_REQUIRED_NO_DML_OR_ROW_HISTORY_PROBE,EXISTING_PUBLICATION_RECHECK_REQUIRED,CANDIDATE_FOR_TYPED_PORTAL_CONTRACT,NOT_QUERIED_E1_NO_BUSINESS_ROW_ACCESS,MAY_CONTAIN_SENSITIVE_STRUCTURED_DATA|NON_SECRET_METADATA
trading_system_postgresql,public,venue_credentials,TABLE,69ff8042237aeef5ddf1ced10e851bc6104e1ebb15a304061dba43ea10106fa9,venue_adapters,VENUE_CONFIGURATION,07-venue-adapters.sql,BASELINE_MATCHED,REFERENCE_OR_VENUE_CANDIDATE_E2_REQUIRED,MUTABILITY_E2_REQUIRED,METADATA_READABLE_WITH_SELECT,true,true,PRIMARY_KEY_DECLARED,credential_id,,PRIMARY_KEY_KEYSET_CANDIDATE,TIMESTAMP_PLUS_STABLE_KEY_CANDIDATE_E2_REQUIRED,account|mode|venue,2,2,24576,0,PG_CLASS_RELTUPLES_ESTIMATE,0,0,,,permanent,false,false,NOT_QUERIED_E1_NO_BUSINESS_ROW_ACCESS,NOT_QUERIED_E1_NO_BUSINESS_ROW_ACCESS,E2_REQUIRED_NO_DML_OR_ROW_HISTORY_PROBE,EXISTING_PUBLICATION_RECHECK_REQUIRED,CANDIDATE_FOR_TYPED_PORTAL_CONTRACT,NOT_QUERIED_E1_NO_BUSINESS_ROW_ACCESS,NON_SECRET_METADATA|SECRET_MATERIAL_METADATA_ONLY
trading_system_postgresql,public,venue_rate_limits,TABLE,69ff8042237aeef5ddf1ced10e851bc6104e1ebb15a304061dba43ea10106fa9,venue_adapters,VENUE_CONFIGURATION,07-venue-adapters.sql,BASELINE_MATCHED,REFERENCE_OR_VENUE_CANDIDATE_E2_REQUIRED,MUTABILITY_E2_REQUIRED,METADATA_READABLE_WITH_SELECT,true,true,PRIMARY_KEY_DECLARED,rate_limit_id,,PRIMARY_KEY_KEYSET_CANDIDATE,TIMESTAMP_PLUS_STABLE_KEY_CANDIDATE_E2_REQUIRED,venue,3,1,24576,0,PG_CLASS_RELTUPLES_ESTIMATE,0,0,,,permanent,false,false,NOT_QUERIED_E1_NO_BUSINESS_ROW_ACCESS,NOT_QUERIED_E1_NO_BUSINESS_ROW_ACCESS,E2_REQUIRED_NO_DML_OR_ROW_HISTORY_PROBE,EXISTING_PUBLICATION_RECHECK_REQUIRED,CANDIDATE_FOR_TYPED_PORTAL_CONTRACT,NOT_QUERIED_E1_NO_BUSINESS_ROW_ACCESS,NON_SECRET_METADATA|SECRET_MATERIAL_METADATA_ONLY
trading_system_postgresql,public,venues,TABLE,69ff8042237aeef5ddf1ced10e851bc6104e1ebb15a304061dba43ea10106fa9,domain_core,CANONICAL_TRADING,05-trading-core-v2.sql,BASELINE_MATCHED,EXECUTION_CANDIDATE_E2_REQUIRED,MUTABILITY_E2_REQUIRED,METADATA_READABLE_WITH_SELECT,true,true,PRIMARY_KEY_DECLARED,venue,,PRIMARY_KEY_KEYSET_CANDIDATE,TIMESTAMP_PLUS_STABLE_KEY_CANDIDATE_E2_REQUIRED,venue,3,0,81920,2,PG_CLASS_RELTUPLES_ESTIMATE,2,0,,,permanent,false,false,NOT_QUERIED_E1_NO_BUSINESS_ROW_ACCESS,NOT_QUERIED_E1_NO_BUSINESS_ROW_ACCESS,E2_REQUIRED_NO_DML_OR_ROW_HISTORY_PROBE,EXISTING_PUBLICATION_RECHECK_REQUIRED,CANDIDATE_FOR_TYPED_PORTAL_CONTRACT,NOT_QUERIED_E1_NO_BUSINESS_ROW_ACCESS,MAY_CONTAIN_SENSITIVE_STRUCTURED_DATA|NON_SECRET_METADATA
